"rhino_id","inst_id","species","sex","dob","age","birth_type","housing","date","lat","long","keeper_id","social_incomp","active","calm","investigative","sleep","stereotypies","assertive","chemosensory","con_af","con_ag","con_ff","food_ag","no_obj","pre_obj","social","vocal","fam_af","fam_ag","fam_ff","responsive","stranger_af","stranger_ag","stranger_ff"
21260167,"Inst-7","Southern White","Male",2002-03-22,20,"Captive","Social",2023-01-12,28.2249886,-80.7138556,"Keeper 180","No",6,1.9,2.1,8,2.8,5.7,8.1,3.2,1.9,6.9,7.2,0.7,1.4,9.3,7.5,10,3.1,1.3,5.1,9.7,2.4,2
14662342,"Inst-24","Eastern Black","Female",2004-02-08,18,"Captive","Individual",2022-12-08,39.00694,-94.5291537,"Keeper 147","",5.4,8.3,5.3,5.6,1.7,NA,NA,NA,NA,NA,NA,NA,NA,NA,NA,10,0.1,0.5,7.7,8.6,0.1,0.2
14662651,"Inst-1","Southern White","Male",1986-11-25,36,"Captive","Individual",2023-09-19,43.3409762,-80.1800999,"Keeper 201","",6.9,3.1,5,7.3,2.2,NA,NA,NA,NA,NA,NA,NA,NA,NA,NA,10,2,1.5,9.1,8.2,1.8,1.8
14662651,"Inst-1","Southern White","Male",1986-11-25,36,"Captive","Individual",2023-09-20,43.3409762,-80.1800999,"Keeper 112","",8,4,9.5,3.3,1.1,NA,NA,NA,NA,NA,NA,NA,NA,NA,NA,10,1,0,9,9,0,1.5
14662651,"Inst-1","Southern White","Male",1986-11-25,36,"Captive","Individual",2023-09-20,43.3409762,-80.1800999,"Keeper 99","",1.4,2,4,8,1,NA,NA,NA,NA,NA,NA,NA,NA,NA,NA,9.5,0,1,5,5,0.5,1.5
22187234,"Inst-1","Southern White","Female",1995-01-01,28,"Wild","Social",2023-09-20,43.3409762,-80.1800999,"Keeper 201","Yes",6,7,7,8,1,7,2,8.5,5,1.3,2,2,1.8,9,9,10,0.5,0.5,9.5,9,0.5,0.5
22187234,"Inst-1","Southern White","Female",1995-01-01,28,"Wild","Social",2023-09-20,43.3409762,-80.1800999,"Keeper 112","Yes",5,7.5,8,5,0.5,9.5,7,8.6,7,1,5,2,2,10,9,10,0.5,1,9.1,6.5,2,1.5
22187234,"Inst-1","Southern White","Female",1995-01-01,28,"Wild","Social",2023-09-20,43.3409762,-80.1800999,"Keeper 99","Yes",2,2,5,8,0,5,1,9,2,1.5,3,2,4,9.5,7,9,0.3,0.3,8.5,8,0,0
22187246,"Inst-1","Southern White","Female",1996-01-01,27,"Wild","Social",2023-09-19,43.3409762,-80.1800999,"Keeper 201","Yes",5,6.5,7.5,7,2.6,7.9,1.9,7.9,7.9,0,7.8,1,1,9.5,9.5,9.5,1.2,0.5,7.5,7,0.9,1.5
22187246,"Inst-1","Southern White","Female",1996-01-01,27,"Wild","Social",2023-09-20,43.3409762,-80.1800999,"Keeper 112","Yes",6,8,10,3.5,0.5,9,4,9,5,1,8,1.5,1.5,8,5,8,5.6,0.5,5,6.5,1,2.5
22187246,"Inst-1","Southern White","Female",1996-01-01,27,"Wild","Social",2023-09-20,43.3409762,-80.1800999,"Keeper 99","Yes",7.5,7.5,7.6,5,1,8,2,6.5,6,0.5,9.5,2,6,6,5,4,1,1,5,2,1,1
23728998,"Inst-1","Southern White","Male",1995-01-01,28,"Wild","Social",2023-09-19,43.3409762,-80.1800999,"Keeper 201","Yes",8,6.9,7,8,2.9,7.5,8.2,7.5,6.7,4.9,5,3,2,5.1,4.2,8.1,2.9,0.7,7.5,5.1,6.9,2.5
23728998,"Inst-1","Southern White","Male",1995-01-01,28,"Wild","Social",2023-09-20,43.3409762,-80.1800999,"Keeper 112","",5,8.8,8.8,5,4.5,NA,NA,NA,NA,NA,NA,NA,NA,NA,NA,9,4,1,NA,1.2,1.2,1.2
23728998,"Inst-1","Southern White","Male",1995-01-01,28,"Wild","Social",2023-09-20,43.3409762,-80.1800999,"Keeper 99","",7,2,5,5,0,NA,NA,NA,NA,NA,NA,NA,NA,NA,NA,2.5,2.5,1,6,1,1,1
22187249,"Inst-1","Southern White","Female",1996-01-01,27,"Wild","Social",2023-09-20,43.3409762,-80.1800999,"Keeper 201","Yes",6.5,7,7,5,0.5,7,1.8,9,5,1.2,2.5,1,1,9.8,9,8.6,0.8,0.8,9,8.5,1,1
22187249,"Inst-1","Southern White","Female",1996-01-01,27,"Wild","Social",2023-09-20,43.3409762,-80.1800999,"Keeper 112","Yes",5,7.5,10,4,1,7.5,7.5,8,3,2,4,4,3,10,9,9.8,1.5,1,9,7.5,1.5,1.5
22187249,"Inst-1","Southern White","Female",1996-01-01,27,"Wild","Social",2023-09-20,43.3409762,-80.1800999,"Keeper 99","Yes",6,4,6,5,0.5,5,1.5,8,5,1,7,2,3,8,8,7,0.5,0.5,7,3,0.5,1
20563577,"Inst-3","Southern White","Female",1985-11-09,37,"Wild","Social",2022-11-30,35.07797,-106.66309,"Keeper 171","No",8.7,7.2,1,2.8,NA,5,2.8,5,2.9,0.2,0.1,0.1,0.1,6.8,2.9,10,0.1,0.1,9,8.6,0.1,0.1
20563577,"Inst-3","Southern White","Female",1985-11-09,37,"Wild","Social",2022-12-07,35.07797,-106.66309,"Keeper 65","No",5,8,5,5,0,3,2,5,1,1,0,NA,NA,8,NA,9.5,0.5,0.5,9,9.5,0.5,0.5
20563577,"Inst-3","Southern White","Female",1985-11-09,37,"Wild","Social",2022-12-13,35.07797,-106.66309,"Keeper 74","No",8,8,6,3,0,4,2,9,3,5,3,2,2,6,0,8,0,0,8,8,0,0
20563577,"Inst-3","Southern White","Female",1985-11-09,37,"Wild","Social",2022-12-14,35.07797,-106.66309,"Keeper 155","No",7,5,7,5,0.1,NA,4,8,3.2,3.2,1.1,NA,NA,5,0.5,9.4,0.7,0.7,9.4,9,0.3,0.5
20563577,"Inst-3","Southern White","Female",1985-11-09,37,"Wild","Social",2022-12-22,35.07797,-106.66309,"Keeper 35","No",5,9,3,5,0,1.5,NA,9,1,0.5,1,0,0,8,2,9.5,0.5,0,9.5,9.5,0.5,0
20563574,"Inst-3","Southern White","Male",2012-10-30,10,"Captive","Social",2022-11-30,35.07797,-106.66309,"Keeper 171","No",8.2,5,2.7,2.2,0.2,7,8.2,5.5,2,0.1,5.1,0.1,0.1,8.4,0.2,10,0.1,0.1,10,9,1,0.1
20563574,"Inst-3","Southern White","Male",2012-10-30,10,"Captive","Social",2022-12-07,35.07797,-106.66309,"Keeper 65","No",7.5,2.5,9,5,0.5,7,9.5,8,2,0.5,8.5,4,4,9.5,9,8,5,0.5,5,9,5,0.5
20563574,"Inst-3","Southern White","Male",2012-10-30,10,"Captive","Social",2022-12-13,35.07797,-106.66309,"Keeper 74","No",7,3,6,2.5,0,5.1,8.2,9,3,3,8,2,2,9,2,7,2.5,0,8,5,4,1
20563574,"Inst-3","Southern White","Male",2012-10-30,10,"Captive","Social",2022-12-14,35.07797,-106.66309,"Keeper 155","No",7.8,5,7.1,5,0,2.5,7.1,8.1,5.1,2.3,6.3,NA,NA,8.1,5,9.1,2.1,0.6,9.1,8.1,2.2,2.1
20563574,"Inst-3","Southern White","Male",2012-10-30,10,"Captive","Social",2022-12-22,35.07797,-106.66309,"Keeper 35","No",5,7,6,6,1,3,3,7,1.5,0.5,2,NA,7.4,8.5,6,9.5,1,0,9.5,9,1,0
24404031,"Inst-59","Southern White","Male",1991-01-26,31,"Captive","Social",2023-01-12,29.9237334,-90.1314068,"Keeper 52","Yes",4.3,3.9,10,2.7,1.5,8.7,10,7.9,9.2,0,0,0,0,7.7,8.2,7.7,8.6,0,9,8.2,0,0
24404031,"Inst-59","Southern White","Male",1991-01-26,32,"Captive","Social",2023-02-02,29.9237334,-90.1314068,"Keeper 45","Yes",7.7,7.3,7.6,3.2,3.4,NA,7.8,3.5,5,1.8,NA,NA,NA,3.9,3.2,5.5,2.5,0.3,8.2,6.9,1.3,1.8
24404058,"Inst-59","Southern White","Female",1990-02-02,32,"Captive","Social",2023-01-12,29.9237334,-90.1314068,"Keeper 52","Yes",5.1,6.6,3.5,6.4,1.6,7,0,8.7,8.4,0,0,0,0,10,8.3,10,0,0,9,10,0,0
24403824,"Inst-5","Eastern Black","Female",2017-03-15,5,"Captive","Individual",2022-10-10,33.4860018,-86.7795407,"Keeper 15","",2,1,1.5,5,0,NA,NA,NA,NA,NA,NA,NA,NA,NA,NA,9.5,3,3.5,8.5,4.5,8.5,7
24403824,"Inst-5","Eastern Black","Female",2017-03-15,6,"Captive","Individual",2023-04-16,33.4860018,-86.7795407,"Keeper 24","",5,2,2,8,0,NA,NA,NA,NA,NA,NA,NA,NA,NA,NA,9,2.5,0,7,5,1,1
22939949,"Inst-5","Eastern Black","Male",2017-05-17,5,"Captive","Individual",2022-10-10,33.4860018,-86.7795407,"Keeper 15","",8,9.5,9.5,7.5,0,NA,NA,NA,NA,NA,NA,NA,NA,NA,NA,9.8,2,0.5,9,9.5,0.5,0.5
22939949,"Inst-5","Eastern Black","Male",2017-05-17,5,"Captive","Individual",2023-04-16,33.4860018,-86.7795407,"Keeper 24","",10,2.5,5,5,7.5,NA,NA,NA,NA,NA,NA,NA,NA,NA,NA,10,0,0,9,10,0,0
14662354,"Inst-6","Eastern Black","Female",2010-08-23,12,"Captive","Social",2022-11-20,41.5208379999999,-93.6251642,"Keeper 151","Yes",5,8,4,8,0,2,2,5,0,0,4,1,1,3,0.3,6,0,0,5,7,0,0
14662354,"Inst-6","Eastern Black","Female",2010-08-23,12,"Captive","Social",2022-11-22,41.5208379999999,-93.6251642,"Keeper 130","No",2,8,5,7,0,7,2,5,1,NA,2,3,5,5,NA,9,0.5,0,8,4,1,0
14662354,"Inst-6","Eastern Black","Female",2010-08-23,12,"Captive","Social",2022-11-22,41.5208379999999,-93.6251642,"Keeper 213","No",6.1,5.9,5.1,3.3,1.1,4.5,6,6,1.9,0,2.1,0,1.1,4.1,1.2,8.2,2.2,0,9,8.6,0,0
14662354,"Inst-6","Eastern Black","Female",2010-08-23,12,"Captive","Social",2022-11-22,41.5208379999999,-93.6251642,"Keeper 179","No",5,8.5,7.6,5.1,0,7.2,2.1,6.9,0,0,5.3,2,9.1,4.9,0.5,8,1,0.5,7,6.7,0,1.6
19030325,"Inst-6","Eastern Black","Female",2019-04-05,3,"Captive","Social",2022-11-20,41.5208379999999,-93.6251642,"Keeper 151","Yes",4,6.5,4,7,0.5,2,1,6,0,0,2.5,0,0,7,4,10,0,0,9,9,0,0
19030325,"Inst-6","Eastern Black","Female",2019-04-05,3,"Captive","Social",2022-11-22,41.5208379999999,-93.6251642,"Keeper 179","No",5.1,2.5,2.1,5.1,1.5,2.7,1.3,9,3.3,1.5,5.7,0.5,2.9,9,1.7,6.7,1.1,0.7,7.4,8,0.5,0
19030325,"Inst-6","Eastern Black","Female",2019-04-05,3,"Captive","Social",2022-11-22,41.5208379999999,-93.6251642,"Keeper 5","No",5,2,2,5,1,3.1,1,8.9,2.9,1.1,6.7,0.2,0.5,9.4,3.5,7,1,0.6,8.1,8.4,0.5,1
19030325,"Inst-6","Eastern Black","Female",2019-04-05,3,"Captive","Social",2022-11-23,41.5208379999999,-93.6251642,"Keeper 213","No",7.4,3.3,5,5.6,0,4.4,3.8,7.6,4,3.3,4.8,3,3,8.8,6.2,8.7,0,0,9.5,7.9,0,0
19030325,"Inst-6","Eastern Black","Female",2019-04-05,3,"Captive","Social",2022-11-26,41.5208379999999,-93.6251642,"Keeper 130","No",8,2.5,2.5,5,1,6,1,7.5,3,1,7.5,2,4,8,8.5,7,0,0,8,4,0,1
14662147,"Inst-6","Eastern Black","Male",2010-10-07,12,"Captive","Individual",2022-11-20,41.5208379999999,-93.6251642,"Keeper 151","",3,9.5,5,8,2,NA,NA,NA,NA,NA,NA,NA,NA,NA,NA,10,0,0,9,9,0,0
14662147,"Inst-6","Eastern Black","Male",2010-10-07,12,"Captive","Individual",2022-11-22,41.5208379999999,-93.6251642,"Keeper 213","",5,8,8.1,4,1,NA,NA,NA,NA,NA,NA,NA,NA,NA,NA,10,0,0,10,9.1,0,0
14662147,"Inst-6","Eastern Black","Male",2010-10-07,12,"Captive","Individual",2022-11-22,41.5208379999999,-93.6251642,"Keeper 5","",5,8,9,5,2,NA,NA,NA,NA,NA,NA,NA,NA,NA,NA,10,0.5,0,8,9,0,1
14662147,"Inst-6","Eastern Black","Male",2010-10-07,12,"Captive","Individual",2022-11-22,41.5208379999999,-93.6251642,"Keeper 179","",5,7.6,6.6,5,1.6,NA,NA,NA,NA,NA,NA,NA,NA,NA,NA,9.8,0.5,0,8.1,9.2,0,1.1
14662147,"Inst-6","Eastern Black","Male",2010-10-07,12,"Captive","Individual",2022-11-26,41.5208379999999,-93.6251642,"Keeper 130","",5,9,9,5,3,NA,NA,NA,NA,NA,NA,NA,NA,NA,NA,9.5,0,0,9.5,9,0,0
19030328,"Inst-6","Eastern Black","Female",2016-10-11,6,"Captive","Social",2022-11-20,41.5208379999999,-93.6251642,"Keeper 151","Yes",5.5,4,7,7,1,1,2,4,0,3,1,0.1,0,5,6,9,0,0,9,6,0,1
19030328,"Inst-6","Eastern Black","Female",2016-10-11,6,"Captive","Social",2022-11-22,41.5208379999999,-93.6251642,"Keeper 179","No",5,3.5,2,5,1.5,3,2.4,7.7,2.7,2.3,7.7,1,1.1,6,2.5,8.7,1,1.1,7.5,7.5,0.5,2.2
19030328,"Inst-6","Eastern Black","Female",2016-10-11,6,"Captive","Social",2022-11-22,41.5208379999999,-93.6251642,"Keeper 5","No",5,4,1,5,1.3,2,2,8.5,3,1.5,8.5,1,1,6.5,4,9,1,1,8,8,0.5,2
19030328,"Inst-6","Eastern Black","Female",2016-10-11,6,"Captive","Social",2022-11-23,41.5208379999999,-93.6251642,"Keeper 213","No",7.3,4.1,4.3,3.8,0,6.1,6.1,7.3,4,2.3,5.9,3.9,3.9,8.3,4,10,1.6,0,8.5,7.7,0,0
19030328,"Inst-6","Eastern Black","Female",2016-10-11,6,"Captive","Social",2022-11-26,41.5208379999999,-93.6251642,"Keeper 130","No",7,1,3.5,4,2.5,7,7,7.5,5,3,8,5,5,8,7,7,6,1,8,2.5,1,2.5
21260167,"Inst-7","Southern White","Male",2002-03-22,20,"Captive","Social",2023-01-06,28.2249886,-80.7138556,"Keeper 83","No",8,0,7,2,0,5,8,8,2,0,4,0,0,9,6,9.5,0,0,8,6,0,0
21260167,"Inst-7","Southern White","Male",2002-03-22,20,"Captive","Social",2023-01-10,28.2249886,-80.7138556,"Keeper 196","No",7.2,8.7,3,4,5,5.5,9,9,2,1,3.5,1,0.5,10,7,9.6,0.5,0,9.5,9,0,0
21260167,"Inst-7","Southern White","Male",2002-03-22,20,"Captive","Social",2023-01-10,28.2249886,-80.7138556,"Keeper 187","No",6.9,5.2,7.1,4.1,2,2,5.8,9,0.6,5,5,0.1,0.1,9.9,9,9,1,0,5.1,6,0,2
21260167,"Inst-7","Southern White","Male",2002-03-22,20,"Captive","Social",2023-01-11,28.2249886,-80.7138556,"Keeper 9","No",10,5,9,5.1,1.9,4.1,10,10,1.3,0,2.9,2.1,1.9,10,8.2,10,1.2,0.2,8.1,9,0.9,0.2
21260167,"Inst-7","Southern White","Male",2002-03-22,20,"Captive","Social",2023-01-11,28.2249886,-80.7138556,"Keeper 25","No",8.3,6.5,8.1,5.4,1,2.3,9,9,1.3,1.1,2.3,0,0,9,9,9.5,1,0,7.7,8,1,0
21260167,"Inst-7","Southern White","Male",2002-03-22,20,"Captive","Social",2023-01-12,28.2249886,-80.7138556,"Keeper 49","No",4,6,9,6,2,0.5,6,6,0.8,7,1,1,1,9,4,7.1,1,0.5,8,9,1,1
21260167,"Inst-7","Southern White","Male",2002-03-22,20,"Captive","Social",2023-01-08,28.2249886,-80.7138556,"Keeper 62","No",6,8,7,5,2,5.5,6,6.5,3,1,6.6,0.8,0.4,6,6,9,1,0,9,8,1,2
21260167,"Inst-7","Southern White","Male",2002-03-22,20,"Captive","Social",2023-01-09,28.2249886,-80.7138556,"Keeper 138","No",7.2,1.4,5.4,5.4,0,0,4.7,5.9,0,4.6,0,0,0,4.2,4.8,6.9,0,0.7,8.3,5.2,0,0
21260167,"Inst-7","Southern White","Male",2002-03-22,20,"Captive","Social",2023-01-14,28.2249886,-80.7138556,"Keeper 96","Yes",6,4.5,4.2,6.7,2.3,3.6,7.1,7,3.1,5.4,3,3.4,3.4,8.6,5.1,7.9,0.5,1.5,8.1,6.6,0.4,4.4
21260167,"Inst-7","Southern White","Male",2002-03-22,20,"Captive","Social",2023-01-14,28.2249886,-80.7138556,"Keeper 100","No",5,6,7,5,NA,0.5,9.1,9,3,4,1,NA,NA,9.5,8.1,8,NA,NA,9.1,9,NA,NA
24403896,"Inst-7","Southern White","Female",2001-08-19,21,"Captive","Social",2023-01-06,28.2249886,-80.7138556,"Keeper 83","No",5,9.9,5,3.5,0,6.5,1,8,2,0,4,0,0,8.5,2,9,0,0,7,8,0,0
24403896,"Inst-7","Southern White","Female",2001-08-19,21,"Captive","Social",2023-01-09,28.2249886,-80.7138556,"Keeper 138","No",5.7,5,7.4,7.6,0,9.4,8.6,8,3.7,0,NA,NA,NA,8,2.3,9.1,0,0.4,8.3,6.4,0,0
24403896,"Inst-7","Southern White","Female",2001-08-19,21,"Captive","Social",2023-01-10,28.2249886,-80.7138556,"Keeper 196","No",7,8.5,7.5,6.3,2.5,4.5,3.5,8.6,2,0.5,6,2.5,2.5,9.5,4,9.5,0.5,0,9,9.6,0.1,0.3
24403896,"Inst-7","Southern White","Female",2001-08-19,21,"Captive","Social",2023-01-10,28.2249886,-80.7138556,"Keeper 187","No",4.9,7,6.9,4,1,6,4,6.7,1,0.8,5,0,0,8.1,7,9,0.2,0.2,8.5,8,0,0.1
24403896,"Inst-7","Southern White","Female",2001-08-19,21,"Captive","Social",2023-01-11,28.2249886,-80.7138556,"Keeper 9","No",5.4,5.2,5.1,5.2,2,9,3,10,7,1,5,4,1.9,10,2.9,10,0.1,0,8.9,9,2.6,1
24403896,"Inst-7","Southern White","Female",2001-08-19,21,"Captive","Social",2023-01-11,28.2249886,-80.7138556,"Keeper 25","No",7,3,7.5,5,2,5,5,10,4,1,6,0,0,10,7,9,1,1,9,8.9,0,0
24403896,"Inst-7","Southern White","Female",2001-08-19,21,"Captive","Social",2023-01-12,28.2249886,-80.7138556,"Keeper 180","No",6.1,7.1,3.1,8.6,1.7,5.8,2.8,6.3,2.9,3,6.8,3.8,2.8,7.9,3.5,8.2,2.6,2.6,8.9,8,1.7,2.3
24403896,"Inst-7","Southern White","Female",2001-08-19,21,"Captive","Social",2023-01-14,28.2249886,-80.7138556,"Keeper 62","No",5.5,6,5,6,4,5,5.5,6,5.7,1,5.5,0.5,0.5,9,4,9,0.2,0.4,8.5,8,1,1
24403896,"Inst-7","Southern White","Female",2001-08-19,21,"Captive","Social",2023-01-14,28.2249886,-80.7138556,"Keeper 96","Yes",3,5,5.5,8,3,6,4,5,5,0.4,6.5,0.2,NA,6,6.1,8,1,1,6.5,7.3,1,3.5
24403896,"Inst-7","Southern White","Female",2001-08-19,21,"Captive","Social",2023-01-12,28.2249886,-80.7138556,"Keeper 49","No",4,7,8,6,3,7.3,4,9,7,1,7,1,1,9,4,9,1,2,8,8.6,1,1
24403896,"Inst-7","Southern White","Female",2001-08-19,21,"Captive","Social",2023-01-14,28.2249886,-80.7138556,"Keeper 100","No",5,7,8,5,0,8,8,NA,3,NA,6,0,NA,10,5,9,NA,NA,9,3.1,NA,NA
23031911,"Inst-7","Southern White","Female",2000-10-13,22,"Captive","Social",2023-01-06,28.2249886,-80.7138556,"Keeper 83","No",6.5,6.5,2,3.5,0,2,2,7,0,0,1,0,0,9,1,6,0,0,5,6.5,0,0
23031911,"Inst-7","Southern White","Female",2000-10-13,22,"Captive","Social",2023-01-10,28.2249886,-80.7138556,"Keeper 187","No",5,8,8,4.4,1,9.1,5,7,1,0.3,7,0,0,9,6.1,9,0.2,0.2,7,8,0,0
23031911,"Inst-7","Southern White","Female",2000-10-13,22,"Captive","Social",2023-01-11,28.2249886,-80.7138556,"Keeper 25","No",7,6,7.2,6,1,5,5,10,5,1.1,6.5,0,0,10,3.6,7.9,0,0,8.9,8.8,0,1
23031911,"Inst-7","Southern White","Female",2000-10-13,22,"Captive","Social",2023-01-12,28.2249886,-80.7138556,"Keeper 49","No",4,4,6.1,6,1,4,4,9,3,1,4,2,4,9,4,9,1,1,8.5,9,1,1
23031911,"Inst-7","Southern White","Female",2000-10-13,22,"Captive","Social",2023-01-12,28.2249886,-80.7138556,"Keeper 180","No",4,6.6,5.9,9.1,2.5,4.5,6.6,8.6,5.2,1.9,5,2.1,2.4,8.8,3.4,9.2,2,1.4,6.4,7.6,1.6,2.7
23031911,"Inst-7","Southern White","Female",2000-10-13,22,"Captive","Social",2023-01-14,28.2249886,-80.7138556,"Keeper 62","No",6,6,5.5,6,2,5.5,5,6,5.1,2,5,1,1,9,3,9,0.5,0.5,8,8,0.5,1
23031911,"Inst-7","Southern White","Female",2000-10-13,22,"Captive","Social",2023-01-14,28.2249886,-80.7138556,"Keeper 96","Yes",3.4,6.2,5.6,6.6,2.3,4.5,3.2,8,3.6,4.5,5,3.1,3,7.7,4.6,6.5,1,1,6.8,8,0.3,2.1
23031911,"Inst-7","Southern White","Female",2000-10-13,22,"Captive","Social",2023-01-09,28.2249886,-80.7138556,"Keeper 138","No",7,7.9,7.6,8.3,0,6.9,5.8,6.7,0,0,3.6,0,0,6.2,7,8.3,0,2.6,8,6.9,0,0.4
23031911,"Inst-7","Southern White","Female",2000-10-13,22,"Captive","Social",2023-01-10,28.2249886,-80.7138556,"Keeper 196","No",8.5,8.5,5.4,8.5,3.1,2,1.8,8,1,0.5,0.5,0.5,0.5,9.4,3.1,9.5,0.5,0.5,9.5,9.5,0.6,0.6
23031911,"Inst-7","Southern White","Female",2000-10-13,22,"Captive","Social",2023-01-11,28.2249886,-80.7138556,"Keeper 9","No",5,5,5,5,1,8,2.9,9,3.9,1,4.9,1.1,1.1,10,1.8,10,0.1,0.1,9,8,1.7,1.8
23031911,"Inst-7","Southern White","Female",2000-10-13,22,"Captive","Social",2023-01-14,28.2249886,-80.7138556,"Keeper 100","No",5,6,8,5,NA,3,6,8,4,2,4,NA,NA,9,1,8,NA,NA,9.1,3,NA,NA
19030340,"Inst-8","Eastern Black","Female",2010-10-18,11,"Captive","Individual",2022-09-11,41.8328795,-87.8355515,"Keeper 224","",5.5,4.5,9,4.5,2,NA,NA,NA,NA,NA,NA,NA,NA,NA,NA,7,1.5,1.5,7.5,7.5,1.5,1
19030340,"Inst-8","Eastern Black","Female",2010-10-18,11,"Captive","Individual",2022-09-30,41.8328795,-87.8355515,"Keeper 232","",7.4,1.8,7,3,4,NA,NA,NA,NA,NA,NA,NA,NA,NA,NA,6,3,1.5,7,2,7.4,6.2
19030340,"Inst-8","Eastern Black","Female",2010-10-18,11,"Captive","Individual",2022-10-05,41.8328795,-87.8355515,"Keeper 47","",5,2,10,3,0,NA,NA,NA,NA,NA,NA,NA,NA,NA,NA,10,1,0,5,10,0,0
19030340,"Inst-8","Eastern Black","Female",2010-10-18,11,"Captive","Individual",2022-10-05,41.8328795,-87.8355515,"Keeper 58","",4.5,8,5,3.5,0.1,NA,NA,NA,NA,NA,NA,NA,NA,NA,NA,9.5,0.2,0.2,9,8,1,2
19030340,"Inst-8","Eastern Black","Female",2010-10-18,12,"Captive","Individual",2022-12-11,41.8328795,-87.8355515,"Keeper 172","",6,3.5,7.5,2.5,2,NA,NA,NA,NA,NA,NA,NA,NA,NA,NA,8.5,2.5,1,8,5,7,5
14662231,"Inst-8","Eastern Black","Male",1990-02-25,32,"Captive","Individual",2022-09-11,41.8328795,-87.8355515,"Keeper 224","",4.5,5,7,5.5,1,NA,NA,NA,NA,NA,NA,NA,NA,NA,NA,9.6,0,0,9,5,1,3.5
14662231,"Inst-8","Eastern Black","Male",1990-02-25,32,"Captive","Individual",2022-09-30,41.8328795,-87.8355515,"Keeper 232","",6,1.9,3.5,4.5,0.7,NA,NA,NA,NA,NA,NA,NA,NA,NA,NA,9,0.8,0.5,8.7,8,2.1,3.1
14662231,"Inst-8","Eastern Black","Male",1990-02-25,32,"Captive","Individual",2022-10-05,41.8328795,-87.8355515,"Keeper 58","",3.5,7,5,4.5,0.1,NA,NA,NA,NA,NA,NA,NA,NA,NA,NA,9.8,0.1,1,9,9,1,1
14662231,"Inst-8","Eastern Black","Male",1990-02-25,32,"Captive","Individual",2022-10-05,41.8328795,-87.8355515,"Keeper 47","",4.5,6,5,6.5,1,NA,NA,NA,NA,NA,NA,NA,NA,NA,NA,10,0,0,8,10,0,0
14662231,"Inst-8","Eastern Black","Male",1990-02-25,32,"Captive","Individual",2022-12-11,41.8328795,-87.8355515,"Keeper 172","",6,9,6,5,2,NA,NA,NA,NA,NA,NA,NA,NA,NA,NA,9.5,1,1,9.5,4,3,6
21190285,"Inst-9","Eastern Black","Female",2018-02-07,4,"Captive","Individual",2023-01-27,42.9371231,-78.8516090999999,"Keeper 229","",8,2,8,5,NA,NA,NA,NA,NA,NA,NA,NA,NA,NA,NA,10,1,1,9,1,5,9
21190285,"Inst-9","Eastern Black","Female",2018-02-07,4,"Captive","Individual",2023-01-28,42.9371231,-78.8516090999999,"Keeper 209","",6.1,2.5,7.1,2.9,2,NA,NA,NA,NA,NA,NA,NA,NA,NA,NA,8,2,0.5,7.9,2.9,5,8.5
21190285,"Inst-9","Eastern Black","Female",2018-02-07,4,"Captive","Individual",2023-02-06,42.9371231,-78.8516090999999,"Keeper 72","",5,2,8.2,5,1.5,NA,NA,NA,NA,NA,NA,NA,NA,NA,NA,9.1,0.4,0,9.7,7.5,0.8,0.1
21286957,"Inst-10","Southern White","Female",2015-07-08,7,"Wild","Social",2023-03-19,28.037066,-82.4194607,"Keeper 28","No",7,8,9,9,3,1,0,5,3,8.5,0,0,0,6,7,8,0,2,8,10,0,2
21286957,"Inst-10","Southern White","Female",2015-07-08,7,"Wild","Social",2023-03-20,28.037066,-82.4194607,"Keeper 145","No",10,6,10,3,0,2,5,10,1,7,0,2,2,10,5,10,0,0,5,5,0,0
21286957,"Inst-10","Southern White","Female",2015-07-08,7,"Wild","Social",2023-03-25,28.037066,-82.4194607,"Keeper 1","No",7.5,9.6,9.6,3,NA,1.5,1,10,0.5,2,1,NA,NA,9,10,10,NA,NA,9,10,NA,NA
21286957,"Inst-10","Southern White","Female",2015-07-08,7,"Wild","Social",2023-04-18,28.037066,-82.4194607,"Keeper 218","No",7.5,5,5,2.5,0,1,0,8,1,6,1,0,2,8,1,10,0,0,9,10,0,0
21286957,"Inst-10","Southern White","Female",2015-07-08,7,"Wild","Social",2023-06-07,28.037066,-82.4194607,"Keeper 44","No",5,5,6,5,1,1,2,6,1,1,1,1,1,7,2,6,1,1,6,6,1,1
21286963,"Inst-10","Eastern Black","Female",1989-03-23,33,"Captive","Individual",2023-03-14,28.037066,-82.4194607,"Keeper 1","",3.5,7.5,9,4,1.5,NA,NA,NA,NA,NA,NA,NA,NA,NA,NA,9.5,0,0.5,9,9.3,0.2,0.5
21286963,"Inst-10","Eastern Black","Female",1989-03-23,33,"Captive","Individual",2023-03-19,28.037066,-82.4194607,"Keeper 28","",7,3,9,7,8,NA,NA,NA,NA,NA,NA,NA,NA,NA,NA,9,0.5,2,7,9,0.5,2
21286963,"Inst-10","Eastern Black","Female",1989-03-23,33,"Captive","Individual",2023-03-20,28.037066,-82.4194607,"Keeper 145","",3,3,8,8,5,NA,NA,NA,NA,NA,NA,NA,NA,NA,NA,8,1,1,7,8.5,1,4
21286963,"Inst-10","Eastern Black","Female",1989-03-23,34,"Captive","Individual",2023-04-18,28.037066,-82.4194607,"Keeper 218","",5,8,4,3,2,NA,NA,NA,NA,NA,NA,NA,NA,NA,NA,10,0.5,0,9,8,0.5,0.5
21286963,"Inst-10","Eastern Black","Female",1989-03-23,34,"Captive","Individual",2023-06-07,28.037066,-82.4194607,"Keeper 44","",4,6,6,7,4,NA,NA,NA,NA,NA,NA,NA,NA,NA,NA,7,2,1,7,7,1,1
14662510,"Inst-10","Southern White","Female",1994-07-01,28,"Wild","Social",2023-03-19,28.037066,-82.4194607,"Keeper 28","No",4,9,7,9,0,8,0,10,4,1,4,0,0,9,8,9,0.5,0,9,10,0.5,0
14662510,"Inst-10","Southern White","Female",1994-07-01,28,"Wild","Social",2023-03-20,28.037066,-82.4194607,"Keeper 145","No",10,10,7,3,0,6,5,8,4,0,2,3,3,8,4,10,0,0,7.5,8,0,0
14662510,"Inst-10","Southern White","Female",1994-07-01,28,"Wild","Social",2023-03-25,28.037066,-82.4194607,"Keeper 1","No",7,9.5,6.5,3,NA,5,1.5,10,1,NA,2.5,NA,NA,9.5,10,9.9,NA,NA,8.5,9.9,NA,NA
14662510,"Inst-10","Southern White","Female",1994-07-01,28,"Wild","Social",2023-04-18,28.037066,-82.4194607,"Keeper 218","No",7,6,3,3,0,9,0.5,6,4,0,6,0,7,9,2,9,1,0,9,9,1,0
14662540,"Inst-10","Southern White","Female",2004-11-29,18,"Captive","Social",2023-03-19,28.037066,-82.4194607,"Keeper 28","No",5,9,8,8.5,0,7,0,7,7,3,9,0,0,6,7,7.5,2,0,6,7,0.5,0
14662540,"Inst-10","Southern White","Female",2004-11-29,18,"Captive","Social",2023-03-20,28.037066,-82.4194607,"Keeper 145","No",7,4,4,5,0,10,10,5,5,2,9,5,5,8,10,10,2,0,5,8,0,2
14662540,"Inst-10","Southern White","Female",2004-11-29,18,"Captive","Social",2023-03-25,28.037066,-82.4194607,"Keeper 1","No",7,9.5,7.5,3,1,7,1,9,3,2,5,NA,NA,8,10,9.8,NA,NA,8,10,NA,NA
14662540,"Inst-10","Southern White","Female",2004-11-29,18,"Captive","Social",2023-04-18,28.037066,-82.4194607,"Keeper 218","No",7.5,5,3,2.5,0,7,0.5,2.5,6.5,0,8,8,8,3,9.5,9,1,0,8,9,0,0
14662540,"Inst-10","Southern White","Female",2004-11-29,18,"Captive","Social",2023-06-07,28.037066,-82.4194607,"Keeper 44","No",5,3,5,6,1,7,2,6,7,2,7.5,5,5,6,4,7,1,1,7,5,5,5
14662513,"Inst-10","Southern White","Female",1994-07-01,28,"Wild","Social",2023-03-19,28.037066,-82.4194607,"Keeper 28","No",6,10,8,8,0,6,0,10,2,1,7,0,0,10,6,8,0,1,7,8,0,1
14662513,"Inst-10","Southern White","Female",1994-07-01,28,"Wild","Social",2023-03-20,28.037066,-82.4194607,"Keeper 145","No",10,10,5,3,0,3,2,10,0,0,0,1,1,10,4,7.1,0,0,5,6,0,0
14662513,"Inst-10","Southern White","Female",1994-07-01,28,"Wild","Social",2023-03-25,28.037066,-82.4194607,"Keeper 1","No",7,9.6,7.5,3,NA,5,1,10,2,0.5,5,NA,NA,9.8,10,10,NA,NA,8.5,10,NA,NA
14662513,"Inst-10","Southern White","Female",1994-07-01,28,"Wild","Social",2023-04-18,28.037066,-82.4194607,"Keeper 218","No",7,6,3,3,0,6,0.3,9,0.5,0,4,0,4,9,0.5,9.5,0.5,0,8,9,0,0
14662513,"Inst-10","Southern White","Female",1994-07-01,28,"Wild","Social",2023-06-07,28.037066,-82.4194607,"Keeper 44","No",6,6,5,6,1,1,1,5,1,2,3,2,2,6,1,6,1,1,6,6,1,1
14662507,"Inst-10","Southern White","Male",1994-07-01,28,"Wild","Social",2023-03-19,28.037066,-82.4194607,"Keeper 28","No",5,10,9,9,0,1,10,8,1,8,1,1,0,5,3,10,0,0,10,10,0,0
14662507,"Inst-10","Southern White","Male",1994-07-01,28,"Wild","Social",2023-03-20,28.037066,-82.4194607,"Keeper 145","No",10,8.5,8.6,4,0,4,10,10,3,1,0,2,2,8.5,5,10,0,0,8,10,0,0
14662507,"Inst-10","Southern White","Male",1994-07-01,28,"Wild","Social",2023-03-21,28.037066,-82.4194607,"Keeper 1","No",7,9.8,9.2,3,NA,1,10,10,1,7.5,1,NA,NA,5,5,10,NA,0.5,8.5,10,NA,0.2
14662507,"Inst-10","Southern White","Male",1994-07-01,28,"Wild","Social",2023-04-18,28.037066,-82.4194607,"Keeper 218","No",6,7,5,4,0,1,8,7,0,3,0,0,0,8,2,10,0,0,9,10,0,0
14662507,"Inst-10","Southern White","Male",1994-07-01,28,"Wild","Social",2023-06-07,28.037066,-82.4194607,"Keeper 44","",7,5,6,6,1,NA,NA,NA,NA,NA,NA,NA,NA,NA,NA,8,2,1,7,7,3,1
14662249,"Inst-10","Eastern Black","Male",1993-02-11,30,"Captive","Individual",2023-03-15,28.037066,-82.4194607,"Keeper 1","",4,5,9,6,0.2,NA,NA,NA,NA,NA,NA,NA,NA,NA,NA,9,1,0.1,9.7,5,5,0.2
14662249,"Inst-10","Eastern Black","Male",1993-02-11,30,"Captive","Individual",2023-03-19,28.037066,-82.4194607,"Keeper 28","",2,5,8,9,0,NA,NA,NA,NA,NA,NA,NA,NA,NA,NA,9,6,0,10,8,6,0
14662249,"Inst-10","Eastern Black","Male",1993-02-11,30,"Captive","Individual",2023-03-20,28.037066,-82.4194607,"Keeper 145","",8.5,8,10,5,0,NA,NA,NA,NA,NA,NA,NA,NA,NA,NA,9.5,2,0,9.5,5,3,0
14662249,"Inst-10","Eastern Black","Male",1993-02-11,30,"Captive","Individual",2023-04-18,28.037066,-82.4194607,"Keeper 218","",6,1,3,4,0,NA,NA,NA,NA,NA,NA,NA,NA,NA,NA,6,4,0,8,NA,NA,NA
14662249,"Inst-10","Eastern Black","Male",1993-02-11,30,"Captive","Individual",2023-06-07,28.037066,-82.4194607,"Keeper 44","",5,3,6,6,1,NA,NA,NA,NA,NA,NA,NA,NA,NA,NA,5,4,1,5,4,7,2
14662147,"Inst-11","Eastern Black","Male",2010-10-07,12,"Captive","Individual",2023-06-29,32.3699838,-95.3255729,"Keeper 140","",8.9,8.4,7.9,3.3,2,NA,NA,NA,NA,NA,NA,NA,NA,NA,NA,10,0.1,0.2,9.9,8,5,8
14662147,"Inst-11","Eastern Black","Male",2010-10-07,12,"Captive","Individual",2023-06-29,32.3699838,-95.3255729,"Keeper 41","",7.6,4.8,7.9,3.5,1,NA,NA,NA,NA,NA,NA,NA,NA,NA,NA,9.7,0.1,1.1,9.5,7.5,0.9,5.1
14662147,"Inst-11","Eastern Black","Male",2010-10-07,12,"Captive","Individual",2023-07-06,32.3699838,-95.3255729,"Keeper 121","",4,8,9,6,0.3,NA,NA,NA,NA,NA,NA,NA,NA,NA,NA,9.9,0.1,0.1,9,9,0.5,0.5
14662147,"Inst-11","Eastern Black","Male",2010-10-07,12,"Captive","Individual",2023-07-07,32.3699838,-95.3255729,"Keeper 223","",5,9.5,7.5,5,1,NA,NA,NA,NA,NA,NA,NA,NA,NA,NA,9.9,0,0.5,9.5,8,0,1
14662147,"Inst-11","Eastern Black","Male",2010-10-07,12,"Captive","Individual",2023-08-01,32.3699838,-95.3255729,"Keeper 208","",7.1,10,10,5,0,NA,NA,NA,NA,NA,NA,NA,NA,NA,NA,10,0.5,0,9.5,9.1,1,1
14662510,"Inst-10","Southern White","Female",1994-07-01,28,"Wild","Social",2023-06-07,28.037066,-82.4194607,"Keeper 44","No",5,7,5,5,1,2,2,6,4,1,3,2,2,4,1,7,1,1,7,5,1,2
19317336,"Inst-12","Southern Black","Male",2001-01-02,21,"Captive","Individual",2022-12-20,31.6197731,-84.1394581999999,"Keeper 98","",8,4,9,3,4,NA,NA,NA,NA,NA,NA,NA,NA,NA,NA,7,5,1,8,4,2,NA
19317336,"Inst-12","Southern Black","Male",2001-01-02,21,"Captive","Individual",2022-12-26,31.6197731,-84.1394581999999,"Keeper 33","",7,1.5,5,5,NA,NA,NA,NA,NA,NA,NA,NA,NA,NA,NA,6,2.5,1,5,4,0.3,4
19317336,"Inst-12","Southern Black","Male",2001-01-02,22,"Captive","Individual",2023-01-25,31.6197731,-84.1394581999999,"Keeper 220","",7,2,7,4,5,NA,NA,NA,NA,NA,NA,NA,NA,NA,NA,7,7,2.5,5,5,5,5
19317336,"Inst-12","Southern Black","Male",2001-01-02,21,"Captive","Individual",2022-12-20,31.6197731,-84.1394581999999,"Keeper 230","No",5,3,6,5,4,NA,NA,NA,NA,NA,NA,NA,NA,NA,NA,10,2,0,8,0,7.5,3
14662345,"Inst-14","Eastern Black","Male",2004-08-15,18,"Captive","Individual",2023-02-26,39.1433,-84.50902,"Keeper 183","",5,4,5,6,3,NA,NA,NA,NA,NA,NA,NA,NA,NA,NA,9,2,1,9,6,3,2
14662345,"Inst-14","Eastern Black","Male",2004-08-15,18,"Captive","Individual",2023-03-03,39.1433,-84.50902,"Keeper 154","",5,3.5,5.5,5,3.5,NA,NA,NA,NA,NA,NA,NA,NA,NA,NA,8.5,2.5,1.5,8.5,7,3,3
14662345,"Inst-14","Eastern Black","Male",2004-08-15,18,"Captive","Individual",2023-06-03,39.1433,-84.50902,"Keeper 204","",5.7,3,5.2,4.9,1.4,NA,NA,NA,NA,NA,NA,NA,NA,NA,NA,7.4,2.7,2.9,5.9,0.7,7.9,4.6
14662351,"Inst-14","Eastern Black","Female",2009-09-28,13,"Captive","Individual",2023-02-26,39.1433,-84.50902,"Keeper 183","",5,5,7,5,2.5,NA,NA,NA,NA,NA,NA,NA,NA,NA,NA,10,3,0.5,9,8,0.5,0.5
14662351,"Inst-14","Eastern Black","Female",2009-09-28,13,"Captive","Individual",2023-03-03,39.1433,-84.50902,"Keeper 154","",5,5,7,5,3.5,NA,NA,NA,NA,NA,NA,NA,NA,NA,NA,9,1,1,9,8,1,1
14662351,"Inst-14","Eastern Black","Female",2009-09-28,13,"Captive","Individual",2023-05-31,39.1433,-84.50902,"Keeper 204","",5.4,5.4,7.4,3.9,3.3,NA,NA,NA,NA,NA,NA,NA,NA,NA,NA,9,1.4,0,9,6.4,6.5,2.8
21385660,"Inst-15","Eastern Black","Male",2000-08-29,22,"Captive","Individual",2023-02-14,41.4459468,-81.7126246,"Keeper 153","Yes",10,5,5,8,7.5,NA,NA,NA,NA,NA,NA,NA,NA,NA,NA,10,0,0,10,10,0,8
21385660,"Inst-15","Eastern Black","Male",2000-08-29,22,"Captive","Individual",2023-02-27,41.4459468,-81.7126246,"Keeper 4","",9.5,1,7,2,2,NA,NA,NA,NA,NA,NA,NA,NA,NA,NA,7,0.5,0.5,7,8,0,0
21385660,"Inst-15","Eastern Black","Male",2000-08-29,22,"Captive","Individual",2023-02-27,41.4459468,-81.7126246,"Keeper 157","",8,8.5,8,2,7,NA,NA,NA,NA,NA,NA,NA,NA,NA,NA,9,0.5,0.5,8,9,0,0
21385660,"Inst-15","Eastern Black","Male",2000-08-29,22,"Captive","Individual",2023-02-27,41.4459468,-81.7126246,"Keeper 50","",8.5,2,5,3,7,NA,NA,NA,NA,NA,NA,NA,NA,NA,NA,9,0,0,10,8.5,1,1
21385660,"Inst-15","Eastern Black","Male",2000-08-29,22,"Captive","Individual",2023-02-27,41.4459468,-81.7126246,"Keeper 192","",9,9,9,7.5,9,NA,NA,NA,NA,NA,NA,NA,NA,NA,NA,9.5,0.5,0.5,9.5,9.5,0.5,0.5
21385657,"Inst-15","Eastern Black","Female",1993-12-31,29,"Wild","Individual",2023-02-14,41.4459468,-81.7126246,"Keeper 153","No",7,5,10,9.5,0,NA,NA,NA,NA,NA,NA,NA,NA,NA,NA,10,0,0,10,10,0,0
21385657,"Inst-15","Eastern Black","Female",1993-12-31,29,"Wild","Individual",2023-02-27,41.4459468,-81.7126246,"Keeper 4","",7.5,1,4,5,0.5,NA,NA,NA,NA,NA,NA,NA,NA,NA,NA,8,2,0.5,9,9,1.5,0.5
21385657,"Inst-15","Eastern Black","Female",1993-12-31,29,"Wild","Individual",2023-02-27,41.4459468,-81.7126246,"Keeper 157","",6.5,2,3,4,0.5,NA,NA,NA,NA,NA,NA,NA,NA,NA,NA,8,0.5,0,9,7.5,0.5,0
21385657,"Inst-15","Eastern Black","Female",1993-12-31,29,"Wild","Individual",2023-02-27,41.4459468,-81.7126246,"Keeper 50","",6,9,2.5,6,7,NA,NA,NA,NA,NA,NA,NA,NA,NA,NA,9,2,0.5,9,8,3,9
21385657,"Inst-15","Eastern Black","Female",1993-12-31,29,"Wild","Individual",2023-02-27,41.4459468,-81.7126246,"Keeper 192","",8,3,5,6,2,NA,NA,NA,NA,NA,NA,NA,NA,NA,NA,9,4,1,9.5,9.5,5,0.5
21385654,"Inst-15","Eastern Black","Female",2003-08-02,19,"Captive","Individual",2023-02-14,41.4459468,-81.7126246,"Keeper 153","Yes",9.5,8.5,8.5,6,0,NA,NA,NA,NA,NA,NA,NA,NA,NA,NA,10,0,0,10,10,0,0
21385654,"Inst-15","Eastern Black","Female",2003-08-02,19,"Captive","Individual",2023-02-27,41.4459468,-81.7126246,"Keeper 4","",5,2,4,7,1,NA,NA,NA,NA,NA,NA,NA,NA,NA,NA,9.5,1.5,0,10,9.5,0,0
21385654,"Inst-15","Eastern Black","Female",2003-08-02,19,"Captive","Individual",2023-02-27,41.4459468,-81.7126246,"Keeper 157","",6,5,6.5,6,1,NA,NA,NA,NA,NA,NA,NA,NA,NA,NA,9.5,0,0,9,9,0.5,0.5
21385654,"Inst-15","Eastern Black","Female",2003-08-02,19,"Captive","Individual",2023-02-27,41.4459468,-81.7126246,"Keeper 50","",7,5,4,6,5,NA,NA,NA,NA,NA,NA,NA,NA,NA,NA,8.5,0,0,9.5,7,7,1
21385654,"Inst-15","Eastern Black","Female",2003-08-02,19,"Captive","Individual",2023-02-27,41.4459468,-81.7126246,"Keeper 192","",9,9,9,7,2,NA,NA,NA,NA,NA,NA,NA,NA,NA,NA,9.5,1,1,9.5,9,7,1
14662255,"Inst-16","Eastern Black","Male",1993-08-16,29,"Captive","Individual",2022-11-26,39.7501637,-104.948953,"Keeper 195","",5,8,8,4.1,2.5,NA,NA,NA,NA,NA,NA,NA,NA,NA,NA,9,0.1,0,9.8,1,0.1,0.1
14662255,"Inst-16","Eastern Black","Male",1993-08-16,29,"Captive","Individual",2022-11-20,39.7501637,-104.948953,"Keeper 39","",3.5,4,6,6.5,2.5,NA,NA,NA,NA,NA,NA,NA,NA,NA,NA,10,0.3,0,9.8,9.5,0.2,0.5
14662255,"Inst-16","Eastern Black","Male",1993-08-16,29,"Captive","Individual",2022-11-27,39.7501637,-104.948953,"Keeper 29","",4.7,8.6,8.4,8.9,2.7,NA,NA,NA,NA,NA,NA,NA,NA,NA,NA,9.2,0.5,0.6,7.1,8.2,1.2,1.6
14662255,"Inst-16","Eastern Black","Male",1993-08-16,29,"Captive","Individual",2022-11-19,39.7501637,-104.948953,"Keeper 63","",3.5,8.4,6,7.4,0.7,NA,NA,NA,NA,NA,NA,NA,NA,NA,NA,9.6,0.4,0.3,9.6,9,0.5,0.7
19030334,"Inst-17","Southern White","Male",2000-03-13,22,"Captive","Social",2022-11-22,42.4768358,-83.1490441999999,"Keeper 70","No",5,2,8,4,1,9,4,8,4,2,8,2,2,10,7,8,3,0.2,10,7,3,3
19030334,"Inst-17","Southern White","Male",2000-03-13,22,"Captive","Social",2022-11-27,42.4768358,-83.1490441999999,"Keeper 235","No",7,3,7.5,4,0,1.5,0,5.5,2,3,0.5,0,0,9.5,0,9,1.5,2.5,6.5,5,3.5,4.5
19030337,"Inst-17","Southern White","Male",2000-11-07,22,"Captive","Social",2022-11-22,42.4768358,-83.1490441999999,"Keeper 70","No",4,9,9,6,4,2,10,8,2,2,1,1,1,10,1,10,0.2,0.2,9.5,9,0.2,0.2
19030337,"Inst-17","Southern White","Male",2000-11-07,22,"Captive","Social",2022-11-27,42.4768358,-83.1490441999999,"Keeper 235","No",4,9.5,8.5,5,0,4,3,5,1,10,3,2.5,2,3.5,0,9.5,0.5,0,9,9,1,1
19990829,"Inst-18","Southern Black","Male",2000-11-13,22,"Captive","Individual",2023-01-10,28.3574423,-81.5905788,"Keeper 200","",4,8,9.5,6,1,NA,NA,NA,NA,NA,NA,NA,NA,NA,NA,9.5,0.5,0.5,9.5,9,1,1
19990829,"Inst-18","Southern Black","Male",2000-11-13,22,"Captive","Individual",2023-01-10,28.3574423,-81.5905788,"Keeper 34","",5,8,9,2,3,NA,NA,NA,NA,NA,NA,NA,NA,NA,NA,10,1,NA,10,8,1,1
19990829,"Inst-18","Southern Black","Male",2000-11-13,22,"Captive","Individual",2023-01-11,28.3574423,-81.5905788,"Keeper 61","",6,9,9,4,3,NA,NA,NA,NA,NA,NA,NA,NA,NA,NA,9,1,0.5,9.5,8,2,2
19990829,"Inst-18","Southern Black","Male",2000-11-13,22,"Captive","Individual",2023-01-13,28.3574423,-81.5905788,"Keeper 191","",7,9.5,6.5,5,4,NA,NA,NA,NA,NA,NA,NA,NA,NA,NA,10,0,0.5,10,9.5,0,0.5
19990829,"Inst-18","Southern Black","Male",2000-11-13,22,"Captive","Individual",2023-01-13,28.3574423,-81.5905788,"Keeper 43","Yes",6,8,7,6,3,NA,NA,NA,NA,NA,NA,NA,NA,NA,NA,8,2,1,8,7,2,2
19990829,"Inst-18","Southern Black","Male",2000-11-13,22,"Captive","Individual",2023-01-15,28.3574423,-81.5905788,"Keeper 143","",7,8,6,7,7,NA,NA,NA,NA,NA,NA,NA,NA,NA,NA,9,2,0,9,8,0.5,0
19990829,"Inst-18","Southern Black","Male",2000-11-13,22,"Captive","Individual",2023-01-18,28.3574423,-81.5905788,"Keeper 161","",5.2,1,10,8,3.5,NA,NA,NA,NA,NA,NA,NA,NA,NA,NA,10,2.3,1,10,10,0.1,0.1
19990829,"Inst-18","Southern Black","Male",2000-11-13,22,"Captive","Individual",2023-01-18,28.3574423,-81.5905788,"Keeper 111","",5,8.1,6.4,5,0.2,NA,NA,NA,NA,NA,NA,NA,NA,NA,NA,9,1,0.1,9.5,6,3,3.5
19990805,"Inst-18","Southern Black","Male",2001-11-14,21,"Captive","Individual",2023-01-10,28.3574423,-81.5905788,"Keeper 200","",5,2,4,5,3,NA,NA,NA,NA,NA,NA,NA,NA,NA,NA,8,2,3,7,6,3,4.5
19990805,"Inst-18","Southern Black","Male",2001-11-14,21,"Captive","Individual",2023-01-11,28.3574423,-81.5905788,"Keeper 61","",6,1,3,4,2,NA,NA,NA,NA,NA,NA,NA,NA,NA,NA,7,5,4,5,1,9,9
19990805,"Inst-18","Southern Black","Male",2001-11-14,21,"Captive","Individual",2023-01-13,28.3574423,-81.5905788,"Keeper 191","",8,6,8,3.5,2,NA,NA,NA,NA,NA,NA,NA,NA,NA,NA,8,0.5,2.5,5,1,1.5,8.5
19990805,"Inst-18","Southern Black","Male",2001-11-14,21,"Captive","Individual",2023-01-13,28.3574423,-81.5905788,"Keeper 43","Yes",5,4,5,6,3,NA,NA,NA,NA,NA,NA,NA,NA,NA,NA,5,2,4,6,1,2,8
19990805,"Inst-18","Southern Black","Male",2001-11-14,21,"Captive","Individual",2023-01-15,28.3574423,-81.5905788,"Keeper 143","",7,2,2,3.5,1,NA,NA,NA,NA,NA,NA,NA,NA,NA,NA,5,1.6,7,8,1,9,9
19990805,"Inst-18","Southern Black","Male",2001-11-14,21,"Captive","Individual",2023-01-15,28.3574423,-81.5905788,"Keeper 226","Yes",5,1,3,5,0,NA,NA,NA,NA,NA,NA,NA,NA,NA,NA,9,0.5,1,9,0,1,9.5
19990805,"Inst-18","Southern Black","Male",2001-11-14,21,"Captive","Individual",2023-01-18,28.3574423,-81.5905788,"Keeper 161","",7.7,0.4,0.3,7.4,9,NA,NA,NA,NA,NA,NA,NA,NA,NA,NA,0.1,9.5,4,7.3,0.5,9.4,10
19990805,"Inst-18","Southern Black","Male",2001-11-14,21,"Captive","Individual",2023-01-10,28.3574423,-81.5905788,"Keeper 34","",5,3,2,5,1,NA,NA,NA,NA,NA,NA,NA,NA,NA,NA,5,1,5,7,1,2,9
19990832,"Inst-18","Southern White","Male",1995-11-11,27,"Captive","Social",2022-12-06,28.3574423,-81.5905788,"Keeper 211","No",6,8,9,4,0.5,0.5,9,8,0.5,4,0.5,NA,NA,9,7.5,8,1,0.1,9.5,9,0.1,0.1
19990832,"Inst-18","Southern White","Male",1995-11-11,27,"Captive","Social",2022-12-07,28.3574423,-81.5905788,"Keeper 146","No",5,9,9,6,3,1,10,9,0.5,0.5,0.5,2,2,9,7,10,0.5,0.5,9.5,10,0.2,0.2
19990832,"Inst-18","Southern White","Male",1995-11-11,27,"Captive","Social",2022-12-11,28.3574423,-81.5905788,"Keeper 210","Yes",9,6,6.9,4.8,NA,2,9.5,7,1,5,0.6,1,1,5,4,8,0.7,0.7,8.4,8.5,0.5,1.7
19990832,"Inst-18","Southern White","Male",1995-11-11,27,"Captive","Social",2023-01-01,28.3574423,-81.5905788,"Keeper 156","No",8,3.5,8.1,3.3,NA,2,8,8.3,1,4,0,0,0,10,9,9,0,0,8.3,8.2,0,0
19990832,"Inst-18","Southern White","Male",1995-11-11,27,"Captive","Social",2023-01-04,28.3574423,-81.5905788,"Keeper 114","No",6.4,8.8,7,4.5,0.1,0.1,2.8,9,0,6.2,0,NA,NA,8.8,5.5,9.4,0.5,0.5,9.1,8.5,0.6,1.2
19990832,"Inst-18","Southern White","Male",1995-11-11,27,"Captive","Social",2023-01-16,28.3574423,-81.5905788,"Keeper 91","Yes",7,8,8.2,5.4,0.7,7.4,9.7,7.4,0.5,0.1,0.2,2.1,2.9,8.5,6.6,9.5,0.3,0.5,8.5,7.1,NA,NA
19990832,"Inst-18","Southern White","Male",1995-11-11,27,"Captive","Social",2023-01-22,28.3574423,-81.5905788,"Keeper 71","No",7.5,6,5,2.5,2,3,8,8,1,6,0,2.5,4,7.5,7.5,8,0,0,7,9,0,1
14662504,"Inst-18","Southern White","Female",1996-05-24,26,"Wild","Social",2022-12-11,28.3574423,-81.5905788,"Keeper 210","No",5,8.5,9.5,8.5,NA,7.5,1.5,8.6,5.5,1,6,4,7,7.1,7.6,9.4,1,NA,7,7.5,1,1
14662504,"Inst-18","Southern White","Female",1996-05-24,26,"Wild","Social",2022-12-27,28.3574423,-81.5905788,"Keeper 146","No",3,9,7,8,0,8.5,NA,8.5,4,1,5,2,0,5,2,8,1,0,6,6.5,2,0
14662504,"Inst-18","Southern White","Female",1996-05-24,26,"Wild","Social",2023-01-01,28.3574423,-81.5905788,"Keeper 156","No",4,7.5,3.6,6.3,NA,8.2,2.2,7.8,4,0,5.5,0,0,9,6.5,7.7,2.5,0,7.1,8,1.6,0
14662504,"Inst-18","Southern White","Female",1996-05-24,26,"Wild","Social",2023-01-10,28.3574423,-81.5905788,"Keeper 114","No",3.5,4.1,3.8,5,0.1,5.9,0.6,2,3.9,1.5,4,0.6,0.6,1.5,1.4,2.8,1.2,0.2,5.5,0.5,0.9,0.9
14662504,"Inst-18","Southern White","Female",1996-05-24,26,"Wild","Social",2023-01-16,28.3574423,-81.5905788,"Keeper 91","No",6,3.4,8.2,8.2,1,5,0.8,8.3,7.9,5.2,7.5,8,6.9,3,2.1,2.3,5.2,3.7,4.1,3,3.1,5.9
14662504,"Inst-18","Southern White","Female",1996-05-24,26,"Wild","Social",2023-01-22,28.3574423,-81.5905788,"Keeper 71","No",5.5,6.5,4,4.5,2,5.5,1,7,4.5,2,3,1,1,2.5,2,5.5,3,1,7,2,1,4
19990811,"Inst-18","Southern White","Female",1999-03-23,23,"Captive","Social",2022-12-07,28.3574423,-81.5905788,"Keeper 146","No",5,5,3,5,3,7,3,6,2,1,7,0.5,0.5,3,5,5,2,5,3,3,1,4
19990811,"Inst-18","Southern White","Female",1999-03-23,23,"Captive","Social",2022-12-11,28.3574423,-81.5905788,"Keeper 210","No",3,5.5,3,6.5,NA,7,1.4,7,4,6,4,3.2,3.3,6,6.8,7.4,1.3,1.1,7.7,5,1.2,4
19990811,"Inst-18","Southern White","Female",1999-03-23,23,"Captive","Social",2023-01-01,28.3574423,-81.5905788,"Keeper 156","No",6.1,5.7,6.3,5.3,NA,8.2,5.1,6.1,2,0,3,0,0,10,5.2,8,1,0,7.6,7.1,1,2.1
19990811,"Inst-18","Southern White","Female",1999-03-23,23,"Captive","Social",2023-01-09,28.3574423,-81.5905788,"Keeper 114","No",3.6,4.8,2.3,5.5,0.1,6.7,2.2,6.1,3.3,0.8,3.7,0.8,3.6,4.7,0.7,5.7,3.9,1.6,4.1,1.2,1.8,3
19990811,"Inst-18","Southern White","Female",1999-03-23,23,"Captive","Social",2023-01-16,28.3574423,-81.5905788,"Keeper 91","Yes",7.8,7,6.3,5.9,NA,5,1,8.1,0.5,NA,1.2,0.5,0.4,8.5,6,6,0.5,1,8.3,2.1,0.1,5
19990811,"Inst-18","Southern White","Female",1999-03-23,23,"Captive","Social",2023-01-22,28.3574423,-81.5905788,"Keeper 71","Yes",5,4,3,4,1.5,6,1,7,4,3,5,1,1,3,2,6,3,1.5,6.5,5,1,6
19990835,"Inst-18","Southern White","Female",2015-02-19,7,"Captive","Social",2022-12-11,28.3574423,-81.5905788,"Keeper 210","Yes",6,2,1,5,NA,2.1,1,6.7,2.5,7,4,1,1.2,5.2,3.9,6.6,1.1,3.6,7.9,4.1,1.1,4
19990835,"Inst-18","Southern White","Female",2015-02-19,7,"Captive","Social",2022-12-27,28.3574423,-81.5905788,"Keeper 146","No",9,2,3,4,5,3,NA,8,2,3,4,1,1,9.5,9,10,0.5,3,10,8,1,3
19990835,"Inst-18","Southern White","Female",2015-02-19,7,"Captive","Social",2023-01-01,28.3574423,-81.5905788,"Keeper 156","No",8,2,2,5.1,NA,4,4,7,1,3,2,0,0,8,4.2,10,0,0,7.3,7.6,0,2.3
19990835,"Inst-18","Southern White","Female",2015-02-19,7,"Captive","Social",2023-01-16,28.3574423,-81.5905788,"Keeper 114","No",5.3,1.4,1.1,4.7,0.1,1.4,0.7,3.6,2.8,4.2,1.6,1.1,1.2,4.3,1.2,7.2,0.7,0.7,7.5,2.4,1.2,3.8
19990835,"Inst-18","Southern White","Female",2015-02-19,7,"Captive","Social",2023-01-16,28.3574423,-81.5905788,"Keeper 91","Yes",8.2,0.7,5.5,6.9,0.9,3.2,2.7,4.2,2.1,4.4,2.3,1.6,1.6,7.9,3.9,8.7,0.5,2.7,8.6,4.5,0.6,8.3
19990835,"Inst-18","Southern White","Female",2015-02-19,7,"Captive","Social",2023-01-23,28.3574423,-81.5905788,"Keeper 71","Yes",7.5,5.6,3.7,2.5,2,3.2,2,7.1,6,6.3,6.5,0.7,1,8,7.5,9,1.5,3.2,8,7.2,1.5,1.5
19990808,"Inst-18","Southern White","Female",2010-01-17,12,"Captive","Social",2022-12-11,28.3574423,-81.5905788,"Keeper 210","No",7,2,2,5,NA,8.5,1,6,6.6,1.6,7.2,1.3,4,7.1,4.4,4,7,2,8,7,4,NA
19990808,"Inst-18","Southern White","Female",2010-01-17,12,"Captive","Social",2022-12-27,28.3574423,-81.5905788,"Keeper 146","No",8,3,7,3,3,8,NA,6,8.5,1,9,3,3,7,8,3,8,0,10,6,8,1
19990808,"Inst-18","Southern White","Female",2010-01-17,12,"Captive","Social",2023-01-01,28.3574423,-81.5905788,"Keeper 156","No",6.6,3.6,5.8,5.2,NA,8.4,2.5,5.5,2.6,0,4,0,0,10,5.1,8.4,3.8,0,7.8,7,3,0
19990808,"Inst-18","Southern White","Female",2010-01-17,12,"Captive","Social",2023-01-11,28.3574423,-81.5905788,"Keeper 114","No",5.3,2.6,2.5,4.9,0.1,5,0.3,4.1,3.3,0.8,3.5,0.6,0.9,2.8,2.8,2.6,3.7,0.9,6.8,2.2,1.8,1.3
19990808,"Inst-18","Southern White","Female",2010-01-17,13,"Captive","Social",2023-01-23,28.3574423,-81.5905788,"Keeper 71","Yes",6.7,6,4,3.3,2.5,7.7,1,6.1,7,2.6,7.5,1,1,4,6.3,3.6,6.4,3.2,7.8,2.5,7,7.6
27596603,"Inst-18","Southern White","Male",2020-10-25,2,"Captive","Social",2022-12-07,28.3574423,-81.5905788,"Keeper 146","No",10,7,9,5,1,6,3,9,2,1,3,1,1,10,7,10,6,0,8,9,0.5,1
27596603,"Inst-18","Southern White","Male",2020-10-25,2,"Captive","Social",2022-12-11,28.3574423,-81.5905788,"Keeper 210","Yes",6,6.4,8.1,6,NA,2,5,6.5,0.9,2.1,0.9,2.2,2.6,6.8,4.1,7.9,0.5,1.5,8.7,6.3,0.1,2
27596603,"Inst-18","Southern White","Male",2020-10-25,2,"Captive","Social",2023-01-01,28.3574423,-81.5905788,"Keeper 156","No",6.6,4,8.1,5,NA,7.3,3,7.2,2,1,0,0,0,10,8.6,10,0,0,8.8,10,0,0
27596603,"Inst-18","Southern White","Male",2020-10-25,2,"Captive","Social",2023-01-04,28.3574423,-81.5905788,"Keeper 114","No",4,5.3,4,4.8,0.1,0.4,1.4,9.2,0.7,0.2,0.1,0.1,0.1,9.5,7.5,8.9,0.7,0.1,7.3,8.7,0.7,0.4
27596603,"Inst-18","Southern White","Male",2020-10-25,2,"Captive","Social",2023-01-22,28.3574423,-81.5905788,"Keeper 71","Yes",7,5,6,4,3,4,2.5,5,6,2.5,1,1,1,7,7.5,8,3.5,1,9,7.5,2,2
20285051,"Inst-19","Southern Black","Female",1990-12-01,32,"Wild","Individual",2022-12-16,32.1794583,-97.7972017,"Keeper 234","",4,6,7,8,2,NA,NA,NA,NA,NA,NA,NA,NA,NA,NA,9,1,NA,6,3.5,3,0.5
20285051,"Inst-19","Southern Black","Female",1990-12-01,32,"Wild","Individual",2022-12-17,32.1794583,-97.7972017,"Keeper 136","",7,6,7,4,0,NA,NA,NA,NA,NA,NA,NA,NA,NA,NA,7.5,1.5,0,6.5,6.5,0,3
20285048,"Inst-19","Southern Black","Male",2000-11-09,22,"Captive","Social",2022-12-17,32.1794583,-97.7972017,"Keeper 136","Yes",8.5,7,7,3,0,6.5,9,8,3.5,5,5,NA,NA,7,5,9,3,0,9,8,3,0
20285048,"Inst-19","Southern Black","Male",2000-11-09,22,"Captive","Social",2022-12-17,32.1794583,-97.7972017,"Keeper 234","No",9,7,8,5,2.5,6,8,8,1,1,4,0,NA,6.5,1.5,8,2,0.5,8,8,1.5,0.5
24403797,"Inst-19","Southern White","Male",2013-10-09,9,"Captive","Social",2023-08-12,32.1794583,-97.7972017,"Keeper 136","No",7.7,8.5,8.5,5,0,5.5,6,7.5,2,5,5,NA,NA,7,7,9.5,0.5,0.3,7.5,9,0.3,0.7
24403797,"Inst-19","Southern White","Male",2013-10-09,9,"Captive","Social",2023-08-12,32.1794583,-97.7972017,"Keeper 234","No",5,8,6,5,0.5,2,7,5,1,1,1,0,NA,6,1,9.5,1,0.5,9,9,0.5,0.5
24403803,"Inst-19","Southern White","Female",1979-05-06,44,"Captive","Individual",2023-08-12,32.1794583,-97.7972017,"Keeper 136","",5.5,10,9,5,0,NA,NA,NA,NA,NA,NA,NA,NA,NA,NA,10,0,0,9,9,0,0
24403803,"Inst-19","Southern White","Female",1979-05-06,44,"Captive","Individual",2023-08-12,32.1794583,-97.7972017,"Keeper 234","",3,9,3,7,1,NA,NA,NA,NA,NA,NA,NA,NA,NA,NA,9,0.5,0.5,7,9,0.5,0.5
17244422,"Inst-19","Southern Black","Female",1999-06-09,23,"Captive","Individual",2022-12-16,32.1794583,-97.7972017,"Keeper 234","No",8,5.5,8,3,2,NA,NA,NA,NA,NA,NA,NA,NA,NA,NA,9,1,0,9.5,9.5,0.5,0
17244422,"Inst-19","Southern Black","Female",1999-06-09,23,"Captive","Individual",2022-12-17,32.1794583,-97.7972017,"Keeper 136","",6,5,7.5,3,0,NA,NA,NA,NA,NA,NA,NA,NA,NA,NA,6.8,4,0,7,7,3,0
24403812,"Inst-19","Southern White","Female",1999-11-25,23,"Captive","Social",2023-08-12,32.1794583,-97.7972017,"Keeper 136","No",6,8,6,6,0,6,0,8,5,4,5,NA,NA,9,5,10,0,0,7,10,0,0
24403812,"Inst-19","Southern White","Female",1999-11-25,23,"Captive","Social",2023-08-12,32.1794583,-97.7972017,"Keeper 234","No",2,8,6,8,1,3,1.5,8,3,2,2,0,NA,7,2,9,0.5,0.5,6,9,0,0
14662534,"Inst-19","Southern White","Male",2004-02-06,19,"Captive","Individual",2023-08-12,32.1794583,-97.7972017,"Keeper 136","",8,5,7,3.5,1,NA,NA,NA,NA,NA,NA,NA,NA,NA,NA,9,0,0,0.5,8,0,3.5
14662534,"Inst-19","Southern White","Male",2004-02-06,19,"Captive","Individual",2023-08-12,32.1794583,-97.7972017,"Keeper 234","",6.5,7,6,3.5,1,NA,NA,NA,NA,NA,NA,NA,NA,NA,NA,8.5,1,0.5,7,8.5,0.5,0.5
17244386,"Inst-19","Southern Black","Female",1996-08-24,26,"Captive","Social",2022-12-17,32.1794583,-97.7972017,"Keeper 234","No",6.5,8,7,5,0.5,7,2,2,6,3,1.5,0,NA,2,1.5,9.5,0.5,0.5,9,7,0.5,2
17244386,"Inst-19","Southern Black","Female",1996-08-24,26,"Captive","Social",2022-12-17,32.1794583,-97.7972017,"Keeper 136","Yes",8,7,7,3.5,0,8,1,2,3.5,0,0,NA,NA,3,5,8,0,0,7,6.5,1,0
14662333,"Inst-19","Southern Black","Male",2001-11-08,21,"Captive","Individual",2022-12-17,32.1794583,-97.7972017,"Keeper 136","",6,9,7,3.5,0,NA,NA,NA,NA,NA,NA,NA,NA,NA,NA,9,1,0,8,9,0.5,0
14662333,"Inst-19","Southern Black","Male",2001-11-08,21,"Captive","Individual",2022-12-17,32.1794583,-97.7972017,"Keeper 234","No",4,7,8,8.5,0.5,NA,NA,NA,NA,NA,NA,NA,NA,NA,NA,9,1,0.5,7.5,8.5,1,0.5
24403800,"Inst-19","Southern White","Female",2011-10-27,11,"Captive","Social",2023-08-12,32.1794583,-97.7972017,"Keeper 136","No",6,6,7,6,0,10,1,8,9,0.5,9,NA,NA,8,10,8,2,0.5,6,8,0.5,1.5
24403800,"Inst-19","Southern White","Female",2011-10-27,11,"Captive","Social",2023-08-12,32.1794583,-97.7972017,"Keeper 234","No",3,7,4,7,1,7,2,6,7,2,6,0,NA,7,3,7.5,2.5,1,8,9,0.5,0.5
24403809,"Inst-19","Southern White","Female",2018-02-17,5,"Captive","Social",2023-08-12,32.1794583,-97.7972017,"Keeper 136","No",7,8,8.5,6.5,0,6.5,0.5,8.5,6.5,3,5,NA,NA,9,6.5,9.5,0.5,0.5,9.5,9,0.5,1.5
24403809,"Inst-19","Southern White","Female",2018-02-17,5,"Captive","Social",2023-08-12,32.1794583,-97.7972017,"Keeper 234","No",3.5,8.5,7,6.5,0.5,3,2.5,8.5,2.5,1.5,2,0,NA,9,1.5,9.5,1,0.5,8,9,0.5,0.5
24421821,"Inst-20","Southern White","Female",2005-03-02,17,"Captive","Social",2023-02-24,36.7528904,-119.8224137,"Keeper 190","No",8.5,3,9,3,0.5,8,1,2,3,0.1,8,8,8,2,8,5,3,0.1,7,5,2,0.1
24421821,"Inst-20","Southern White","Female",2005-03-02,17,"Captive","Social",2023-02-24,36.7528904,-119.8224137,"Keeper 127","No",7,6,4,4,0,6,0,4,0.5,0,0.5,0,NA,1,4,10,0.5,0,9,9,0,1
24421821,"Inst-20","Southern White","Female",2005-03-02,17,"Captive","Social",2023-02-24,36.7528904,-119.8224137,"Keeper 113","No",10,9,9,4,0,9,1,10,3.5,0,1,0,0,6,5,8,2,0,9,7,3,1
24421821,"Inst-20","Southern White","Female",2005-03-02,17,"Captive","Social",2023-02-25,36.7528904,-119.8224137,"Keeper 89","No",4,4,6,5,3,7,6,7,4.5,0.5,3.5,3.5,2.5,7.5,5,8,3.5,0.5,8.5,4,3,4
24421821,"Inst-20","Southern White","Female",2005-03-02,18,"Captive","Social",2023-03-02,36.7528904,-119.8224137,"Keeper 73","No",10,7,10,5,1,7,8,9,5,0,0,0,0,7.5,5,10,2.5,0,6,8,3.5,0
24421821,"Inst-20","Southern White","Female",2005-03-02,18,"Captive","Social",2023-03-10,36.7528904,-119.8224137,"Keeper 92","No",7.5,6,6,8,0,7,7,7,2,0,1,1,0,3,3,8.5,2,0,9,3,1,0
14662477,"Inst-20","Southern White","Male",1996-12-02,26,"Captive","Social",2023-02-24,36.7528904,-119.8224137,"Keeper 113","No",10,10,7,3,0,1,7,10,0,1,0,0,0,4,0,10,0,0,10,9,0.5,0.5
14662477,"Inst-20","Southern White","Male",1996-12-02,26,"Captive","Social",2023-02-25,36.7528904,-119.8224137,"Keeper 89","No",7,10,10,4,1,NA,10,7,0,NA,NA,1,1,6,1,10,0.1,0.1,8,8.5,0.2,0.2
14662477,"Inst-20","Southern White","Male",1996-12-02,26,"Captive","Social",2023-03-02,36.7528904,-119.8224137,"Keeper 73","No",9,9,9,4,1,1,10,10,NA,NA,NA,NA,NA,10,3,10,0,0,8,9,1,0
14662477,"Inst-20","Southern White","Male",1996-12-02,26,"Captive","Social",2023-03-06,36.7528904,-119.8224137,"Keeper 127","No",8,6.5,7,2,0,4,8,7,0,0,1,0,0,8,7,10,0.5,0,10,9,1,0
14662477,"Inst-20","Southern White","Male",1996-12-02,26,"Captive","Social",2023-03-10,36.7528904,-119.8224137,"Keeper 92","No",9,10,10,3,0,1,8.5,10,0.5,0,0,0,0,8,5,10,0,0,10,9,0,0
14662477,"Inst-20","Southern White","Male",1996-12-02,26,"Captive","Social",2023-02-24,36.7528904,-119.8224137,"Keeper 190","No",5,9,3.5,7,1,2,10,9,1,NA,1,1,1,9,2,9,1,0.1,9,9.5,0.5,0.1
14662309,"Inst-21","Eastern Black","Female",1997-09-29,25,"Captive","Individual",2023-01-13,43.5392525,-96.7627203999999,"Keeper 160","",3,4,2,7,2,NA,NA,NA,NA,NA,NA,NA,NA,NA,NA,9.5,1,0.1,9,8.5,0.5,3
14662309,"Inst-21","Eastern Black","Female",1997-09-29,25,"Captive","Individual",2023-01-21,43.5392525,-96.7627203999999,"Keeper 240","",7,6,7,3.5,0,NA,NA,NA,NA,NA,NA,NA,NA,NA,NA,9,0,0,9,9,0,0
14662309,"Inst-21","Eastern Black","Female",1997-09-29,25,"Captive","Individual",2023-01-30,43.5392525,-96.7627203999999,"Keeper 75","",8,NA,7,5,1,NA,NA,NA,NA,NA,NA,NA,NA,NA,NA,9,0.5,0.2,9,5,2.6,3.3
14662309,"Inst-21","Eastern Black","Female",1997-09-29,25,"Captive","Individual",2023-02-01,43.5392525,-96.7627203999999,"Keeper 142","",8,5,6.5,3,0,NA,NA,NA,NA,NA,NA,NA,NA,NA,NA,10,0,0,10,9.5,0,0
14662288,"Inst-21","Eastern Black","Male",1996-10-06,26,"Captive","Individual",2023-01-13,43.5392525,-96.7627203999999,"Keeper 160","",6.5,8.5,6,3,7,NA,NA,NA,NA,NA,NA,NA,NA,NA,NA,9,1,0.1,9,9,0.1,0.1
14662288,"Inst-21","Eastern Black","Male",1996-10-06,26,"Captive","Individual",2023-01-21,43.5392525,-96.7627203999999,"Keeper 240","",8,10,10,3,2,NA,NA,NA,NA,NA,NA,NA,NA,NA,NA,10,0.5,0,8.1,10,0,0
14662288,"Inst-21","Eastern Black","Male",1996-10-06,26,"Captive","Individual",2023-01-30,43.5392525,-96.7627203999999,"Keeper 75","",9,8,8,3,1,NA,NA,NA,NA,NA,NA,NA,NA,NA,NA,9,0.5,NA,8,4,0.5,0.1
14662288,"Inst-21","Eastern Black","Male",1996-10-06,26,"Captive","Individual",2023-02-01,43.5392525,-96.7627203999999,"Keeper 142","",7.5,8,8,6,3,NA,NA,NA,NA,NA,NA,NA,NA,NA,NA,9.5,0,0,10,9.5,0,0
19990814,"Inst-21","Eastern Black","Male",1996-09-12,26,"Captive","Individual",2023-01-13,43.5392525,-96.7627203999999,"Keeper 160","",9,5,9,2,1,NA,NA,NA,NA,NA,NA,NA,NA,NA,NA,8,0.3,2,8,8,0.4,2.1
19990814,"Inst-21","Eastern Black","Male",1996-09-12,26,"Captive","Individual",2023-01-21,43.5392525,-96.7627203999999,"Keeper 240","",7,6,7.1,3,0,NA,NA,NA,NA,NA,NA,NA,NA,NA,NA,10,0,0,9,10,0,0
19990814,"Inst-21","Eastern Black","Male",1996-09-12,26,"Captive","Individual",2023-02-01,43.5392525,-96.7627203999999,"Keeper 142","",7.5,4.5,4.5,3,0,NA,NA,NA,NA,NA,NA,NA,NA,NA,NA,10,0,0,10,9.5,0,0
19990814,"Inst-21","Eastern Black","Male",1996-09-12,26,"Captive","Individual",2023-01-30,43.5392525,-96.7627203999999,"Keeper 75","",8.5,NA,9,5,0.1,NA,NA,NA,NA,NA,NA,NA,NA,NA,NA,9,NA,0.1,8,8,NA,1
24422010,"Inst-61","Southern White","Male",2015-02-01,7,"Captive","Individual",2022-11-20,43.0606103999999,-89.410035,"Keeper 135","",5,3,9,5,NA,NA,NA,NA,NA,NA,NA,NA,NA,NA,NA,10,NA,NA,10,8,NA,NA
24422010,"Inst-61","Southern White","Male",2015-02-01,7,"Captive","Individual",2022-11-26,43.0606103999999,-89.410035,"Keeper 149","",3,8,7,6,0.1,NA,NA,NA,NA,NA,NA,NA,NA,NA,NA,7.2,0.2,0.2,8,7.4,0.2,0.2
14662600,"Inst-62","Southern White","Male",1976-08-24,46,"Captive","Social",2022-11-27,40.7503666,-111.8141741,"Keeper 188","No",5,8,7.6,8.5,0,4.5,7.5,5,5,4,7,1,0,8,5,10,0,0,10,10,0,0
14662600,"Inst-62","Southern White","Male",1976-08-24,46,"Captive","Social",2022-11-28,40.7503666,-111.8141741,"Keeper 227","No",5,5,8,5,2.5,3.5,7,8.5,1.5,1.5,1,1.5,2.5,7,2.5,10,0,0,9,10,0,0
14662600,"Inst-62","Southern White","Male",1976-08-24,46,"Captive","Social",2022-12-02,40.7503666,-111.8141741,"Keeper 170","No",3,3,5,7,0,5,8,7,3,NA,3,NA,NA,10,2,7,0,0,8.5,9,0,0
14662600,"Inst-62","Southern White","Male",1976-08-24,46,"Captive","Social",2022-12-02,40.7503666,-111.8141741,"Keeper 108","No",4,6,4,6,0,3,4,4,2,1,2,0.1,0.1,3,2,9,0,0,9,7,0,1
14662600,"Inst-62","Southern White","Male",1976-08-24,46,"Captive","Social",2022-11-28,40.7503666,-111.8141741,"Keeper 176","No",4,9,5,5,0,2,2,5,1,1,2.5,0,0,5,1.5,9.5,0,0,9.5,9,0,0
24428385,"Inst-62","Southern White","Female",1979-06-14,43,"Captive","Social",2022-11-27,40.7503666,-111.8141741,"Keeper 188","No",5,6,6,8,0,7,0,5,6,2,7,0,0,5,5,10,0,0,10,10,0,0
24428385,"Inst-62","Southern White","Female",1979-06-14,43,"Captive","Social",2022-11-28,40.7503666,-111.8141741,"Keeper 227","No",7.5,4,6.5,7,2,5.5,2,7.5,1.8,1,7,7,7,7,2,10,0,0,9,10,0,0
24428385,"Inst-62","Southern White","Female",1979-06-14,43,"Captive","Social",2022-11-28,40.7503666,-111.8141741,"Keeper 176","No",4,6,4,6,0,4,0,4,1.5,1,3,0,0,5,3,9.5,0,0,8.5,9,0,0
24428385,"Inst-62","Southern White","Female",1979-06-14,43,"Captive","Social",2022-12-02,40.7503666,-111.8141741,"Keeper 170","No",3,3,7,7,0,2,0,8,3.5,0,3.5,0,0,9,0,8,0,0,8,9,0,0
24428385,"Inst-62","Southern White","Female",1979-06-14,43,"Captive","Social",2022-12-02,40.7503666,-111.8141741,"Keeper 108","No",4,6,4,7,0,3,0,2,2,1,2,0,0,4,2,9,0,0,9,9,0,2
14662624,"Inst-22","Southern White","Female",1979-03-05,43,"Captive","Social",2022-12-10,39.76579,-86.18117,"Keeper 162","No",8,3,5,7,7,7,2,9,5,2.5,1,0,0,9.5,5,8.5,0.5,0,9,3.5,2.5,2
14662624,"Inst-22","Southern White","Female",1979-03-05,43,"Captive","Social",2022-12-11,39.76579,-86.18117,"Keeper 12","No",7.7,1.7,7.8,9.1,2.7,7.2,0.7,8,1,1,1,1,1,8,7,9,0.5,0.5,9.2,5.9,1,5
14662624,"Inst-22","Southern White","Female",1979-03-05,43,"Captive","Social",2022-12-11,39.76579,-86.18117,"Keeper 84","No",6.5,4.4,6.6,7.5,1.5,6.6,0.6,7.9,1.5,1.5,1.5,1.5,1.5,8.6,5.5,8.5,0.7,0.7,7.7,8.4,0.7,0.7
14662501,"Inst-22","Southern White","Female",1995-07-01,27,"Wild","Social",2022-12-10,39.76579,-86.18117,"Keeper 162","No",3,8,9,8,0,6.5,1,8,2.5,0,6,3,2,8.5,5,10,0,0,9,9,0,1
14662501,"Inst-22","Southern White","Female",1995-07-01,27,"Wild","Social",2022-12-11,39.76579,-86.18117,"Keeper 12","No",2.4,8.5,8.5,7.7,0,7.5,1,8.8,2.3,0,2,0,0,8.6,6,9,0.5,0.5,8.9,9.4,0.5,0.5
14662501,"Inst-22","Southern White","Female",1995-07-01,27,"Wild","Social",2022-12-11,39.76579,-86.18117,"Keeper 84","No",2.3,8.4,7.3,8.2,0.9,7.9,0.7,9.5,3,1.7,3,1,1,8.5,6.8,8,0.5,0.5,8.5,8.7,0.5,0
14662654,"Inst-22","Southern White","Male",1988-09-03,34,"Captive","Social",2022-12-10,39.76579,-86.18117,"Keeper 162","No",5,8,8,7.5,0,3,9,7.5,2,4,1,0,0,7,8,10,0,0,9,9,0,1
14662654,"Inst-22","Southern White","Male",1988-09-03,34,"Captive","Social",2022-12-11,39.76579,-86.18117,"Keeper 12","No",5,8.4,7.2,7.2,0.7,1.5,9.1,7.5,0.3,6.5,0.3,0.3,0.3,6.5,6.5,9.5,0,0,7,9.5,0,0
14662654,"Inst-22","Southern White","Male",1988-09-03,34,"Captive","Social",2022-12-11,39.76579,-86.18117,"Keeper 84","No",4,8.8,6.8,8,0.5,1.7,8.3,7.5,0.5,6,0.5,0.5,0.5,7,6,9.6,0,0,9,9.6,0.5,0.5
23877355,"Inst-23","Southern White","Male",1969-01-01,54,"Wild","Social",2023-06-16,30.4022235999999,-81.6432579,"Keeper 13","No",4,9,3,5.5,0,1,9.4,8.8,1.1,0.9,0.7,0.9,1.1,8.5,4.1,8.5,0,2,7.1,7.5,0,3.5
23877355,"Inst-23","Southern White","Male",1969-01-01,54,"Wild","Social",2023-06-20,30.4022235999999,-81.6432579,"Keeper 104","No",6,7.3,6.2,6.5,0.1,2.1,4.2,6.6,1.8,5.5,1.7,0.1,0.1,7,2.3,6.4,0.1,1.4,8.6,7.2,0.1,2.5
23877385,"Inst-23","Southern White","Female",1994-07-01,28,"Captive","Social",2023-06-16,30.4022235999999,-81.6432579,"Keeper 104","No",7.1,4,5.9,8,0.1,7,6.2,4.8,3.6,0.4,3.1,0.1,0.1,7.6,4.7,10,0.1,0.1,9.4,8.7,0.1,1
23877385,"Inst-23","Southern White","Female",1994-07-01,28,"Captive","Social",2023-06-26,30.4022235999999,-81.6432579,"Keeper 13","No",7,3,5,3,0.5,3.7,7.6,9,0.5,1,2,0,0,9.6,1.6,9.2,0.2,0.2,8.5,8.7,0,2
23877388,"Inst-23","Southern White","Female",2016-09-12,6,"Captive","Social",2023-06-26,30.4022235999999,-81.6432579,"Keeper 13","No",8.2,8.3,9,2.4,0,7.9,4,6.8,1,0,2,1.1,0.1,7.6,4,9.5,0,0,9.1,9,0,0.7
23877388,"Inst-23","Southern White","Female",2016-09-12,6,"Captive","Social",2023-06-19,30.4022235999999,-81.6432579,"Keeper 104","No",8.8,8.9,8.3,2.8,0.1,6.4,5,7.9,1.9,0.5,5.7,0.2,0.2,5.1,5.7,8.4,0.1,0.1,9.3,7.3,0.3,0.1
14662342,"Inst-24","Eastern Black","Female",2004-02-08,18,"Captive","Individual",2022-12-02,39.00694,-94.5291537,"Keeper 123","",5.5,3.2,2,6,2.5,NA,NA,NA,NA,NA,NA,NA,NA,NA,NA,9,0,0,8.5,9.5,0,0
14662342,"Inst-24","Eastern Black","Female",2004-02-08,18,"Captive","Individual",2022-12-02,39.00694,-94.5291537,"Keeper 66","",3.5,5,3,7.3,0.5,NA,NA,NA,NA,NA,NA,NA,NA,NA,NA,8,1.8,1.5,5.7,8,0.6,1.5
14662342,"Inst-24","Eastern Black","Female",2004-02-08,18,"Captive","Individual",2022-12-03,39.00694,-94.5291537,"Keeper 134","",5,3,7,4,5,NA,NA,NA,NA,NA,NA,NA,NA,NA,NA,9,0.1,0.1,6,9,0.1,0.1
14662342,"Inst-24","Eastern Black","Female",2004-02-08,18,"Captive","Individual",2022-12-04,39.00694,-94.5291537,"Keeper 30","",5,9,10,7,0,NA,NA,NA,NA,NA,NA,NA,NA,NA,NA,10,0,0,8,10,0,0
14662342,"Inst-24","Eastern Black","Female",2004-02-08,18,"Captive","Individual",2022-12-04,39.00694,-94.5291537,"Keeper 101","",3.1,5,6.5,8.1,3,NA,NA,NA,NA,NA,NA,NA,NA,NA,NA,8.6,0,0,4.5,7.5,0,0
14662342,"Inst-24","Eastern Black","Female",2004-02-08,18,"Captive","Individual",2022-12-04,39.00694,-94.5291537,"Keeper 26","",3.5,7,8,7.5,2,NA,NA,NA,NA,NA,NA,NA,NA,NA,NA,9.5,0.5,1,9.5,9,0,1
14662342,"Inst-24","Eastern Black","Female",2004-02-08,18,"Captive","Individual",2022-12-08,39.00694,-94.5291537,"Keeper 132","",3.8,7,8.5,6.8,0.2,NA,NA,NA,NA,NA,NA,NA,NA,NA,NA,10,0.7,0.7,9,10,0.7,0.7
14662342,"Inst-24","Eastern Black","Female",2004-02-08,18,"Captive","Individual",2022-12-09,39.00694,-94.5291537,"Keeper 215","",5,8.5,8.5,6,0.5,NA,NA,NA,NA,NA,NA,NA,NA,NA,NA,8.5,0,0.5,7,9,0,0.5
19990820,"Inst-24","Eastern Black","Male",2011-01-14,11,"Captive","Individual",2022-12-02,39.00694,-94.5291537,"Keeper 123","Yes",6,8,8.1,4.2,2,NA,NA,NA,NA,NA,NA,NA,NA,NA,NA,9.5,0,0,9,9,0,0
19990820,"Inst-24","Eastern Black","Male",2011-01-14,11,"Captive","Individual",2022-12-02,39.00694,-94.5291537,"Keeper 66","Yes",3.5,9,8.5,4,0.8,NA,NA,NA,NA,NA,NA,NA,NA,NA,NA,9.2,0.1,0.7,9.5,9,9,0.9
19990820,"Inst-24","Eastern Black","Male",2011-01-14,11,"Captive","Individual",2022-12-02,39.00694,-94.5291537,"Keeper 132","Yes",6.5,9.5,5.8,3,3,NA,NA,NA,NA,NA,NA,NA,NA,NA,NA,10,0,0.5,9,10,0,0.1
19990820,"Inst-24","Eastern Black","Male",2011-01-14,11,"Captive","Individual",2022-12-04,39.00694,-94.5291537,"Keeper 30","",8,10,9,5,3,NA,NA,NA,NA,NA,NA,NA,NA,NA,NA,10,1,0,10,10,0,0
19990820,"Inst-24","Eastern Black","Male",2011-01-14,11,"Captive","Individual",2022-12-04,39.00694,-94.5291537,"Keeper 101","No",8,8,5,5.1,2,NA,NA,NA,NA,NA,NA,NA,NA,NA,NA,10,2,0,9,9,0,0
19990820,"Inst-24","Eastern Black","Male",2011-01-14,11,"Captive","Individual",2022-12-04,39.00694,-94.5291537,"Keeper 26","Yes",6,9,9,4,1,NA,NA,NA,NA,NA,NA,NA,NA,NA,NA,9.5,1,0.1,9,9,0,0
19990820,"Inst-24","Eastern Black","Male",2011-01-14,11,"Captive","Individual",2022-12-05,39.00694,-94.5291537,"Keeper 134","No",7.5,7.6,7.5,5,5.1,NA,NA,NA,NA,NA,NA,NA,NA,NA,NA,10,NA,NA,7,NA,NA,NA
19990820,"Inst-24","Eastern Black","Male",2011-01-14,11,"Captive","Individual",2022-12-08,39.00694,-94.5291537,"Keeper 147","No",8.5,9.6,9,3.8,5,NA,NA,NA,NA,NA,NA,NA,NA,NA,NA,10,0.2,0.1,10,9.8,0,0.5
19990820,"Inst-24","Eastern Black","Male",2011-01-14,11,"Captive","Individual",2022-12-09,39.00694,-94.5291537,"Keeper 215","Yes",8,8,8,5,1,NA,NA,NA,NA,NA,NA,NA,NA,NA,NA,8,2,0.5,8,8,0.5,0.5
19990823,"Inst-24","Eastern Black","Male",1991-10-21,31,"Captive","Individual",2022-12-02,39.00694,-94.5291537,"Keeper 123","",6.5,3,3,4.5,2.5,NA,NA,NA,NA,NA,NA,NA,NA,NA,NA,6,4,2,6,5,2,2
19990823,"Inst-24","Eastern Black","Male",1991-10-21,31,"Captive","Individual",2022-12-02,39.00694,-94.5291537,"Keeper 66","",7.5,2.3,1,3.5,8,NA,NA,NA,NA,NA,NA,NA,NA,NA,NA,8.5,7.5,2.5,8,4,7,7
19990823,"Inst-24","Eastern Black","Male",1991-10-21,31,"Captive","Individual",2022-12-04,39.00694,-94.5291537,"Keeper 30","",7.5,3,3,3.5,1,NA,NA,NA,NA,NA,NA,NA,NA,NA,NA,8.5,4,0,8,9,1,2
19990823,"Inst-24","Eastern Black","Male",1991-10-21,31,"Captive","Individual",2022-12-04,39.00694,-94.5291537,"Keeper 101","",6.5,1,2,4,5,NA,NA,NA,NA,NA,NA,NA,NA,NA,NA,8,6,0,7,8,5,0
19990823,"Inst-24","Eastern Black","Male",1991-10-21,31,"Captive","Individual",2022-12-04,39.00694,-94.5291537,"Keeper 26","",7.5,3.5,2,3,4,NA,NA,NA,NA,NA,NA,NA,NA,NA,NA,6,4,0,7,6,2,1
19990823,"Inst-24","Eastern Black","Male",1991-10-21,31,"Captive","Individual",2022-12-08,39.00694,-94.5291537,"Keeper 147","",8.3,3.6,1.3,3.6,7,NA,NA,NA,NA,NA,NA,NA,NA,NA,NA,7.7,4.9,0.5,6.5,6.8,1.1,3.6
19990823,"Inst-24","Eastern Black","Male",1991-10-21,31,"Captive","Individual",2022-12-08,39.00694,-94.5291537,"Keeper 132","",6,4,6,5.5,4,NA,NA,NA,NA,NA,NA,NA,NA,NA,NA,8,3.8,1,8.5,9,4,1
19990823,"Inst-24","Eastern Black","Male",1991-10-21,31,"Captive","Individual",2022-12-09,39.00694,-94.5291537,"Keeper 215","",8,2,2,5,4,NA,NA,NA,NA,NA,NA,NA,NA,NA,NA,8,4,1,7,5,5,5
19990817,"Inst-24","Eastern Black","Female",2007-07-11,15,"Captive","Individual",2022-12-02,39.00694,-94.5291537,"Keeper 123","Yes",4,7,4,3,3,NA,NA,NA,NA,NA,NA,NA,NA,NA,NA,9.5,0,0,6.5,9,0,0
19990817,"Inst-24","Eastern Black","Female",2007-07-11,15,"Captive","Individual",2022-12-02,39.00694,-94.5291537,"Keeper 66","No",6.8,2.8,6,6.8,3.5,NA,NA,NA,NA,NA,NA,NA,NA,NA,NA,8,1,2,6.5,9,0.5,0.5
19990817,"Inst-24","Eastern Black","Female",2007-07-11,15,"Captive","Individual",2022-12-04,39.00694,-94.5291537,"Keeper 30","",8,10,9,4,3,NA,NA,NA,NA,NA,NA,NA,NA,NA,NA,10,0,0,9.5,10,0,0
19990817,"Inst-24","Eastern Black","Female",2007-07-11,15,"Captive","Individual",2022-12-04,39.00694,-94.5291537,"Keeper 26","No",7,8,9,3,3,NA,NA,NA,NA,NA,NA,NA,NA,NA,NA,7,0.5,2,7,7,0.1,2
19990817,"Inst-24","Eastern Black","Female",2007-07-11,15,"Captive","Individual",2022-12-04,39.00694,-94.5291537,"Keeper 101","No",5,7,8,5,6,NA,NA,NA,NA,NA,NA,NA,NA,NA,NA,7,0,0,8,6,0,0
19990817,"Inst-24","Eastern Black","Female",2007-07-11,15,"Captive","Individual",2022-12-08,39.00694,-94.5291537,"Keeper 147","No",6.5,7.8,8.4,4.6,3.3,NA,NA,NA,NA,NA,NA,NA,NA,NA,NA,7.3,0.3,0.4,9,5.8,0,2.5
19990817,"Inst-24","Eastern Black","Female",2007-07-11,15,"Captive","Individual",2022-12-08,39.00694,-94.5291537,"Keeper 132","Yes",4,9,6,6,4.5,NA,NA,NA,NA,NA,NA,NA,NA,NA,NA,9.5,0.5,1,8,9.5,0.1,0.1
19990817,"Inst-24","Eastern Black","Female",2007-07-11,15,"Captive","Individual",2022-12-09,39.00694,-94.5291537,"Keeper 215","Yes",6,5,5,5,3.5,NA,NA,NA,NA,NA,NA,NA,NA,NA,NA,6,0.5,0.5,6.5,8,0.5,0.5
24422649,"Inst-25","Eastern Black","Female",2005-07-06,17,"Captive","Social",2023-01-26,41.9217,-87.63364,"Keeper 10","No",6.5,5.8,7.4,5,3,4.2,9.6,8.8,3.8,0.2,2.8,NA,NA,1.3,1.4,9.6,1.3,1.2,9.5,2.7,3.6,9.2
24422649,"Inst-25","Eastern Black","Female",2005-07-06,17,"Captive","Social",2023-01-28,41.9217,-87.63364,"Keeper 22","No",6.4,2.3,7.7,3.5,2.9,3.2,5.8,7.5,1.8,2.1,2,2,2.2,8.8,7.9,7.6,3.4,5.8,6.9,2.8,3.8,8.5
24422649,"Inst-25","Eastern Black","Female",2005-07-06,17,"Captive","Social",2023-01-29,41.9217,-87.63364,"Keeper 206","",4,3,4,8,1,NA,NA,NA,NA,NA,NA,NA,NA,NA,NA,9,0,1,8,1,2,9
24422649,"Inst-25","Eastern Black","Female",2005-07-06,17,"Captive","Social",2023-01-30,41.9217,-87.63364,"Keeper 207","No",5,2,7,4,0,NA,9,9,NA,NA,NA,NA,NA,8,3,10,0,1,9,1,0,8
24422649,"Inst-25","Eastern Black","Female",2005-07-06,17,"Captive","Social",2023-02-01,41.9217,-87.63364,"Keeper 21","No",5,4,4,5,1,NA,6,6,1,1,NA,NA,NA,6,0,10,1,0.5,9,NA,0,1
24688568,"Inst-25","Eastern Black","Male",2019-05-19,3,"Captive","Individual",2023-01-26,41.9217,-87.63364,"Keeper 10","",6.5,5,8.2,3.6,3.3,NA,NA,NA,NA,NA,NA,NA,NA,NA,NA,9.5,2,1.5,9.6,5.5,4.1,6.3
24688568,"Inst-25","Eastern Black","Male",2019-05-19,3,"Captive","Individual",2023-01-28,41.9217,-87.63364,"Keeper 22","",8.3,2.3,10,4.3,1.2,NA,NA,NA,NA,NA,NA,NA,NA,NA,NA,9.3,0.8,0.6,6.2,7.8,2,3.3
24688568,"Inst-25","Eastern Black","Male",2019-05-19,3,"Captive","Individual",2023-01-29,41.9217,-87.63364,"Keeper 206","",6.3,4.1,6,7,2,NA,NA,NA,NA,NA,NA,NA,NA,NA,NA,9,0.1,0.1,9,7,6,5
24688568,"Inst-25","Eastern Black","Male",2019-05-19,3,"Captive","Individual",2023-02-01,41.9217,-87.63364,"Keeper 21","",6,7,8,5,2,NA,NA,NA,NA,NA,NA,NA,NA,NA,NA,10,1,0.5,8,0,0,1
24688568,"Inst-25","Eastern Black","Male",2019-05-19,3,"Captive","Individual",2023-01-30,41.9217,-87.63364,"Keeper 207","",8,1,9,2,0,NA,NA,NA,NA,NA,NA,NA,NA,NA,NA,10,0,0,9,8,0,1
20553968,"Inst-26","Southern White","Female",2013-04-06,9,"Captive","Social",2023-02-13,26.7127391,-80.3222017,"Keeper 59","No",8,7,8,5,1,9,2,8,7,3,4,3,3,7,2,9,1,1,5,9,1,1
20553968,"Inst-26","Southern White","Female",2013-04-06,9,"Captive","Social",2023-02-15,26.7127391,-80.3222017,"Keeper 56","No",9.5,9,9.5,9,1,7,8,8.5,6,4,7.5,7.5,8,6.5,5,10,0,0,10,10,0,0
20553968,"Inst-26","Southern White","Female",2013-04-06,9,"Captive","Social",2023-02-18,26.7127391,-80.3222017,"Keeper 20","No",7,9,6,6,9,8,6,9,1,2,1,2,2,7,2,8,1,1,8,2,1,10
21370588,"Inst-26","Southern White","Male",2019-09-26,3,"Captive","Social",2023-02-13,26.7127391,-80.3222017,"Keeper 59","No",9,2,9,4,1,8,4,9,7,3,6,3,3,9,8,8,2,2,4,7,1,2
21370588,"Inst-26","Southern White","Male",2019-09-26,3,"Captive","Social",2023-02-15,26.7127391,-80.3222017,"Keeper 56","No",8.5,6.5,7,3,0,3,3.5,7,4.5,4.5,3,3,3,8.5,2.5,8,2,0,8,8,2,0
21370588,"Inst-26","Southern White","Male",2019-09-26,3,"Captive","Social",2023-02-18,26.7127391,-80.3222017,"Keeper 20","No",9,8,9,5,9,8,7,9,3,2,1,2,2,8,5,8,1,1,8,2,1,10
19990826,"Inst-26","Southern White","Female",1999-11-07,23,"Captive","Social",2023-02-13,26.7127391,-80.3222017,"Keeper 59","No",7,7,6,5,1,9,3,5,5,2,4,5,4,4,5,7,2,1,6,6,2,2
19990826,"Inst-26","Southern White","Female",1999-11-07,23,"Captive","Social",2023-02-15,26.7127391,-80.3222017,"Keeper 56","No",7.5,7,8,3,0,8.5,5,4.5,7.5,2.5,8,8,8,2.5,5,8.5,1.5,0,10,8.5,1.5,0
19990826,"Inst-26","Southern White","Female",1999-11-07,23,"Captive","Social",2023-02-18,26.7127391,-80.3222017,"Keeper 20","No",7,9,6,6,9,8,6,9,2,2,1,2,2,7,2,8,1,1,8,2,1,10
22742480,"Inst-26","Southern White","Female",2015-03-18,7,"Captive","Social",2023-02-13,26.7127391,-80.3222017,"Keeper 59","No",9,8,8,5,1,9,2,8,3,3,4,2,2,7,2,9,1,1,5,9,1,1
22742480,"Inst-26","Southern White","Female",2015-03-18,7,"Captive","Social",2023-02-15,26.7127391,-80.3222017,"Keeper 56","No",8,8,8.5,3,0,8,4.5,3.5,8,4,9,9,9,4,0,8.5,1.5,0,10,8.5,1.5,0
22742480,"Inst-26","Southern White","Female",2015-03-18,7,"Captive","Social",2023-02-18,26.7127391,-80.3222017,"Keeper 20","No",7,9,6,6,9,8,6,9,1,2,1,2,2,7,2,8,1,1,8,2,1,10
19947173,"Inst-26","Southern White","Male",1968-01-01,55,"Wild","Individual",2023-02-14,26.7127391,-80.3222017,"Keeper 246","Yes",2.5,9,4,9,2,NA,NA,NA,NA,NA,NA,NA,NA,NA,NA,10,0,0,9,10,0,0
19947173,"Inst-26","Southern White","Male",1968-01-01,55,"Wild","Individual",2023-02-15,26.7127391,-80.3222017,"Keeper 56","",3.5,8.5,1.5,7.5,1,NA,NA,NA,NA,NA,NA,NA,NA,NA,NA,9.5,1,1,9,9.5,1,1
19947173,"Inst-26","Southern White","Male",1968-01-01,55,"Wild","Individual",2023-02-18,26.7127391,-80.3222017,"Keeper 64","",3,9.5,1,9,0,NA,NA,NA,NA,NA,NA,NA,NA,NA,NA,9.5,0,0,8.5,9.5,0,0
19990838,"Inst-26","Southern White","Male",2012-05-04,10,"Captive","Social",2023-02-13,26.7127391,-80.3222017,"Keeper 59","No",9,4,9,4,1,3,7,9,7,3,3,4,4,5,4,7,3,2,5,9,3,2
19990838,"Inst-26","Southern White","Male",2012-05-04,10,"Captive","Social",2023-02-18,26.7127391,-80.3222017,"Keeper 56","Yes",7,7,7.5,3,0,3.5,9,8,6.5,5.5,4.5,4,4,6.5,7,9,1,1,9,9,1,1
19990838,"Inst-26","Southern White","Male",2012-05-04,10,"Captive","Social",2023-02-18,26.7127391,-80.3222017,"Keeper 20","No",8,6,8,6,9,7,5,5,3,2,1,2,2,9,2,8,1,1,8,2,1,10
19990847,"Inst-26","Southern White","Female",2001-06-23,21,"Captive","Social",2023-02-13,26.7127391,-80.3222017,"Keeper 59","No",7,3,6,5,2,2,3,5,3,6,3,4,3,5,3,4,1,7,5,3,1,7
19990847,"Inst-26","Southern White","Female",2001-06-23,21,"Captive","Social",2023-02-18,26.7127391,-80.3222017,"Keeper 56","No",9.5,4.5,7.5,3.5,1.5,8.5,8,5,8.5,5,8.5,8,8,7.5,4.5,7,3,3,7,7,3,3
19990847,"Inst-26","Southern White","Female",2001-06-23,21,"Captive","Social",2023-02-18,26.7127391,-80.3222017,"Keeper 20","No",7,9,6,6,9,8,6,9,1,2,1,2,2,9,2,8,1,1,8,2,1,10
19990844,"Inst-26","Southern White","Female",2020-01-30,3,"Captive","Social",2023-02-15,26.7127391,-80.3222017,"Keeper 56","No",9.5,8,8,2,0,3.5,5,8,4.5,2.5,3,3,3,7.5,3,10,0,0,10,10,0,0
19990844,"Inst-26","Southern White","Female",2020-01-30,3,"Captive","Social",2023-02-18,26.7127391,-80.3222017,"Keeper 20","No",9,9,8,5,9,8,7,9,1,2,1,2,2,8,2,8,1,1,7,2,1,10
19940438,"Inst-26","Southern White","Female",2008-12-09,14,"Captive","Social",2023-02-12,26.7127391,-80.3222017,"Keeper 59","No",7,6,9,5,1,8,5.5,6,4,4,6,5,5,6,1,9,1,1,3,9,1,2.5
19940438,"Inst-26","Southern White","Female",2008-12-09,14,"Captive","Social",2023-02-15,26.7127391,-80.3222017,"Keeper 56","No",9,8.5,8.5,7,1,1,7,1,1,1,NA,6,1,8,7.5,9,1,1,9,9,1,1
19940438,"Inst-26","Southern White","Female",2008-12-09,14,"Captive","Social",2023-02-18,26.7127391,-80.3222017,"Keeper 20","No",8,7,7,6,1,10,5,10,0,10,0,0,0,9,3,9,0,0,9,0,0,9
19940654,"Inst-26","Southern White","Female",1996-08-15,26,"Captive","Social",2023-02-13,26.7127391,-80.3222017,"Keeper 59","No",7,6,5,6,1,7,4,5,6,2,5,4,3,3,6,3,2,3,7,4,4,6
19940654,"Inst-26","Southern White","Female",1996-08-15,26,"Captive","Social",2023-02-15,26.7127391,-80.3222017,"Keeper 56","No",9,8.5,9,8,1,1,1,8,1,1,7.5,1,1,7.5,7,9,1,1,9.5,9.5,1,1
19940654,"Inst-26","Southern White","Female",1996-08-15,26,"Captive","Social",2023-02-18,26.7127391,-80.3222017,"Keeper 20","No",8,7,7,6,1,10,5,8,0,10,1,1,1,9,2,9,0,0,9,0,0,9
19939259,"Inst-26","Southern White","Female",2011-04-28,11,"Captive","Social",2023-02-13,26.7127391,-80.3222017,"Keeper 59","No",7,8,8,5,1,7,4,5.5,4,2,5,5,5,4,1,8,1,1,7,8,1,1
19939259,"Inst-26","Southern White","Female",2011-04-28,11,"Captive","Social",2023-02-15,26.7127391,-80.3222017,"Keeper 56","No",9,9,8,7,1,1,1,6,1,1,2,1,1,1,1,8,1,1,9,9,1,1
19939259,"Inst-26","Southern White","Female",2011-04-28,11,"Captive","Social",2023-02-18,26.7127391,-80.3222017,"Keeper 20","No",8,7,7,6,1,10,5,8,0,10,1,1,1,9,3,9,0,0,7,0,0,9
19990841,"Inst-26","Southern White","Female",1980-12-11,42,"Captive","Social",2023-02-13,26.7127391,-80.3222017,"Keeper 59","No",2,9,3,8,1,1,1,2,2,2,1,1,1,3,1,9,1,1,9,9,1,1
19990841,"Inst-26","Southern White","Female",1980-12-11,42,"Captive","Social",2023-02-18,26.7127391,-80.3222017,"Keeper 56","No",9,8,7.5,4,1,2.5,1,2.5,7,2.5,2.5,2,2,1.5,1.5,9,1,9,9,9,1,1
19990841,"Inst-26","Southern White","Female",1980-12-11,42,"Captive","Social",2023-02-18,26.7127391,-80.3222017,"Keeper 20","No",5,9,6,8,9,8,6,9,0,2,1,2,2,6,2,9,1,1,9,2,1,10
21370591,"Inst-26","Southern White","Female",1997-02-21,25,"Captive","Social",2023-02-13,26.7127391,-80.3222017,"Keeper 59","No",8,4,6,5,1,6,2,5,6,2,2,2,1,4,3,7,3,3,5,4,3,3
21370591,"Inst-26","Southern White","Female",1997-02-21,25,"Captive","Social",2023-02-15,26.7127391,-80.3222017,"Keeper 56","No",9.5,7,8.5,2.5,1.5,8,7.5,9,6.5,5,7,5,5,NA,6.4,7,3,7,7,7,3,3
21370591,"Inst-26","Southern White","Female",1997-02-21,25,"Captive","Social",2023-02-18,26.7127391,-80.3222017,"Keeper 20","No",7,9,6,6,9,8,6,9,0,2,1,2,2,7,2,8,1,1,8,2,1,10
20563568,"Inst-27","Eastern Black","Female",2006-07-15,16,"Captive","Social",2023-06-27,34.7470271,-92.3301901,"Keeper 128","No",10,6.3,10,4.6,5.9,5,10,10,2.4,5.1,5.1,1.2,5,10,8.6,9.5,4.1,2.1,8,5,5,5
20563568,"Inst-27","Eastern Black","Female",2006-07-15,16,"Captive","Social",2023-06-27,34.7470271,-92.3301901,"Keeper 137","No",5,2,10,3,NA,6,2,3,2,2,1,NA,NA,2,NA,7,1,0,7,5,0,1
20563568,"Inst-27","Eastern Black","Female",2006-07-15,17,"Captive","Social",2023-08-05,34.7470271,-92.3301901,"Keeper 243","No",5,3,3.9,4,0,10,0,10,8.1,4.9,0,0,0,6,5,10,3,0,9,5,3.9,0
19298571,"Inst-28","Southern White","Male",2014-11-12,7,"Captive","Individual",2022-10-28,38.2057299,-85.7071264,"Keeper 88","",5,7.5,2.5,5,0,NA,NA,NA,NA,NA,NA,NA,NA,NA,NA,10,1,0,9,5,NA,0
19298571,"Inst-28","Southern White","Male",2014-11-12,7,"Captive","Individual",2022-10-29,38.2057299,-85.7071264,"Keeper 81","",5,3,6,5,1.3,NA,NA,NA,NA,NA,NA,NA,NA,NA,NA,8.5,1.5,0.7,9.3,8.5,1,0.5
19298571,"Inst-28","Southern White","Male",2014-11-12,7,"Captive","Individual",2022-11-10,38.2057299,-85.7071264,"Keeper 125","",7,0.2,2.2,1,NA,NA,NA,NA,NA,NA,NA,NA,NA,NA,NA,10,0,0,9,10,0,0
19298571,"Inst-28","Southern White","Male",2014-11-12,8,"Captive","Individual",2022-11-12,38.2057299,-85.7071264,"Keeper 118","",5,3,3,5,1,NA,NA,NA,NA,NA,NA,NA,NA,NA,NA,9,2,0,8,7,0,0
19298643,"Inst-28","Southern White","Female",1984-01-11,38,"Captive","Individual",2022-10-28,38.2057299,-85.7071264,"Keeper 88","",3,10,3,9,1,NA,NA,NA,NA,NA,NA,NA,NA,NA,NA,10,0,0,8,5,0,0
19298643,"Inst-28","Southern White","Female",1984-01-11,38,"Captive","Individual",2022-10-29,38.2057299,-85.7071264,"Keeper 81","",3.5,9.5,5,6.5,4,NA,NA,NA,NA,NA,NA,NA,NA,NA,NA,9,0,1,8.5,8.5,0,1.5
19298643,"Inst-28","Southern White","Female",1984-01-11,38,"Captive","Individual",2022-11-10,38.2057299,-85.7071264,"Keeper 125","",6.6,10,5.1,3.5,3.8,NA,NA,NA,NA,NA,NA,NA,NA,NA,NA,10,0,0,8.4,10,0,0
19298643,"Inst-28","Southern White","Female",1984-01-11,38,"Captive","Individual",2022-11-12,38.2057299,-85.7071264,"Keeper 118","",4,6,3,6,4,NA,NA,NA,NA,NA,NA,NA,NA,NA,NA,7,0.5,0.5,6,2.5,0,2
19030349,"Inst-29","Southern White","Male",2016-08-14,6,"Captive","Social",2022-11-23,39.3227067999999,-76.6498096,"Keeper 197","No",8,7.1,6.4,5,0,7,2.6,6,3.1,0,3,0,0,0,3.9,10,0,0,10,7,0,0
19030349,"Inst-29","Southern White","Male",2016-08-14,6,"Captive","Social",2022-11-23,39.3227067999999,-76.6498096,"Keeper 216","No",7,4.6,5,4,0,8,3.7,3,6,3,8,6.6,7.1,2.3,4.5,7,0,0,8.5,6,0.7,1
19030349,"Inst-29","Southern White","Male",2016-08-14,6,"Captive","Social",2022-11-26,39.3227067999999,-76.6498096,"Keeper 77","No",6.1,7.2,6,7.3,0,1.6,6.6,7.4,1.8,4.7,1.1,0.1,0.1,6.1,2.9,9.1,0,0,10,10,0,0
19030349,"Inst-29","Southern White","Male",2016-08-14,5,"Captive","Social",2022-07-18,39.3227067999999,-76.6498096,"Keeper 27","No",8,9,5,5,0,7,5,5,0,0,7,5,5,9,5,10,0,0,10,10,0,1
19030346,"Inst-29","Southern White","Male",2016-06-07,6,"Captive","Social",2022-07-18,39.3227067999999,-76.6498096,"Keeper 27","No",8,9,10,5,0,6,5,5,0,0,5,5,5,9,8,10,0,0,10,10,0,0
19030346,"Inst-29","Southern White","Male",2016-06-07,6,"Captive","Social",2022-11-22,39.3227067999999,-76.6498096,"Keeper 197","No",6.6,7.6,6.4,4.5,0,6.5,2,7.2,4,0,4,0,0,7,4.1,10,0,0,10,9,0,0
19030346,"Inst-29","Southern White","Male",2016-06-07,6,"Captive","Social",2022-11-23,39.3227067999999,-76.6498096,"Keeper 216","No",8,6,5,3,0,3,5,6,3,6,4,3.1,6.1,4,5,9,0.6,0,9.4,6,1,0
19030346,"Inst-29","Southern White","Male",2016-06-07,6,"Captive","Social",2022-11-26,39.3227067999999,-76.6498096,"Keeper 77","No",6.2,7.3,7.5,5.8,NA,3.8,7.2,7.1,1.5,0.7,7.1,0.1,0.1,6.4,2.4,8.1,0,0,10,8.9,0,0
24424419,"Inst-30","Southern White","Male",2010-03-17,12,"Captive","Social",2022-11-19,35.1481899,-89.994947,"Keeper 106","No",2.5,3.5,3.5,5,0,0.5,5,7.5,0.5,1,0,0,0,8,5,9,0.1,0,7.5,9,0,0
24424419,"Inst-30","Southern White","Male",2010-03-17,12,"Captive","Social",2022-11-20,35.1481899,-89.994947,"Keeper 37","No",4,3,3,6.1,1.1,4,6,4,2,2,1,1,1,6,1,7,1,1,7,6,1,3
24424419,"Inst-30","Southern White","Male",2010-03-17,12,"Captive","Social",2022-12-08,35.1481899,-89.994947,"Keeper 231","No",6,3,6,6.5,0,4,9,8,6,1,0.5,7.9,0,9,8,6,4,0.2,7.5,5,3,2
24424419,"Inst-30","Southern White","Male",2010-03-17,12,"Captive","Social",2022-12-09,35.1481899,-89.994947,"Keeper 141","No",7,4,6,7,0,3.4,7,7.1,3.5,3.5,7.1,0,0,7,7,8,3.5,2,7.5,7,5,3
24424419,"Inst-30","Southern White","Male",2010-03-17,13,"Captive","Social",2023-03-17,35.1481899,-89.994947,"Keeper 115","No",6,6.1,5.3,4,0.2,1,8.6,6,0.2,6.9,0.3,0.2,0.4,9.1,7.9,0.7,0.1,0.2,8.3,7.8,0.4,1
24424419,"Inst-30","Southern White","Male",2010-03-17,13,"Captive","Social",2023-03-18,35.1481899,-89.994947,"Keeper 6","No",5,4,7,8,5,6,8,8,3,4,3.5,NA,NA,6.5,2,9,4,1.5,7.5,7,2,1
24424419,"Inst-30","Southern White","Male",2010-03-17,13,"Captive","Social",2023-03-19,35.1481899,-89.994947,"Keeper 117","No",3.5,5,3.2,7,0,0,3.8,4.9,0,10,0,0,0,NA,5,9,0,0,6.5,3.1,0,0
14662471,"Inst-30","Southern White","Female",1995-07-09,27,"Captive","Social",2022-11-19,35.1481899,-89.994947,"Keeper 106","No",2,5,3,8,0.5,2.5,2,1.5,1,0,0,0,0,1,3.5,5,0,0,6,8,0,0
14662471,"Inst-30","Southern White","Female",1995-07-09,27,"Captive","Social",2022-11-20,35.1481899,-89.994947,"Keeper 37","No",3,2,2,7,1,7,2,6,2,2,1,1,1,6,2,8,1,1,7,6,0.9,2.5
14662471,"Inst-30","Southern White","Female",1995-07-09,27,"Captive","Social",2022-12-08,35.1481899,-89.994947,"Keeper 231","No",4,4,3,7,0,6,1,6,2,0.5,0,0,0,6,2,9,0.5,1,6.5,8,0.2,0.5
14662471,"Inst-30","Southern White","Female",1995-07-09,27,"Captive","Social",2022-12-09,35.1481899,-89.994947,"Keeper 141","No",4,6,4,7,7,7,2,3,2,2,2,0,0,4,2,4,0,2,7,2,1,3
14662471,"Inst-30","Southern White","Female",1995-07-09,27,"Captive","Social",2023-03-17,35.1481899,-89.994947,"Keeper 115","No",5.6,7,5.9,4.2,0,2.9,4.3,7.6,2.4,1,1,0.3,0.3,6,2.3,8.3,0.2,0.6,8.7,8.6,0.2,1.6
14662471,"Inst-30","Southern White","Female",1995-07-09,27,"Captive","Social",2023-03-17,35.1481899,-89.994947,"Keeper 79","No",4.5,6,5.5,6,5.5,7,4,3.5,6.2,2.5,6.5,5,5,3,2.5,9,1.5,1.5,6.5,7.5,1.5,3.5
14662471,"Inst-30","Southern White","Female",1995-07-09,27,"Captive","Social",2023-03-18,35.1481899,-89.994947,"Keeper 6","No",5,3,7,8.5,6.5,3,1,5.5,2.5,2.6,3.5,NA,NA,6.5,1,9.5,1.5,1,6,7.5,0.5,0.5
14662471,"Inst-30","Southern White","Female",1995-07-09,27,"Captive","Social",2023-03-19,35.1481899,-89.994947,"Keeper 117","No",2,3,5,8,1,10,5,3,10,0,10,5,0,NA,5,8,0,0,7,4,0,0
24424725,"Inst-31","Southern White","Female",2015-05-02,7,"Wild","Social",2023-01-13,36.089705,-86.7420959999999,"Keeper 129","No",6.1,6.2,6.5,7,0.1,1,1.8,7.9,2.1,0.1,0.1,0.1,0.1,7.5,0.1,9.1,0.1,0,8,5,0.1,4.1
24424731,"Inst-31","Southern White","Female",2015-05-02,7,"Wild","Social",2023-01-13,36.089705,-86.7420959999999,"Keeper 129","No",7.9,7.2,7.2,7.2,0.2,8.2,0.2,5.1,7.5,0.5,0.2,0.3,0.3,10,0.1,10,0.2,0.3,7.9,8.5,0.1,0.3
24424419,"Inst-32","Southern White","Male",2019-01-29,3,"Captive","Individual",2022-12-10,41.4423021,-90.4350144,"Keeper 198","",7,6.4,8,NA,0.4,NA,NA,NA,NA,NA,NA,NA,NA,NA,NA,10,0,0,9.8,8,0,3.8
19299483,"Inst-32","Southern White","Male",2019-01-29,3,"Captive","Individual",2022-12-10,41.4423021,-90.4350144,"Keeper 198","",7,6.4,8,NA,0.4,NA,NA,NA,NA,NA,NA,NA,NA,NA,NA,10,0,0,9.8,8,0,3.8
24424419,"Inst-32","Southern White","Male",2019-01-29,3,"Captive","Individual",2022-12-13,41.4423021,-90.4350144,"Keeper 159","",8.9,6.4,8.1,3.8,0.1,NA,NA,NA,NA,NA,NA,NA,NA,NA,NA,10,0,0,9.5,9.4,0,0.1
19299483,"Inst-32","Southern White","Male",2019-01-29,3,"Captive","Individual",2022-12-13,41.4423021,-90.4350144,"Keeper 159","",8.9,6.4,8.1,3.8,0.1,NA,NA,NA,NA,NA,NA,NA,NA,NA,NA,10,0,0,9.5,9.4,0,0.1
24424419,"Inst-32","Southern White","Male",2019-01-29,3,"Captive","Individual",2022-12-19,41.4423021,-90.4350144,"Keeper 178","",7,4,7,7,0,NA,NA,NA,NA,NA,NA,NA,NA,NA,NA,9,0.5,0,8,6.5,1,3
19299483,"Inst-32","Southern White","Male",2019-01-29,3,"Captive","Individual",2022-12-19,41.4423021,-90.4350144,"Keeper 178","",7,4,7,7,0,NA,NA,NA,NA,NA,NA,NA,NA,NA,NA,9,0.5,0,8,6.5,1,3
18673181,"Inst-33","Southern White","Female",2005-12-03,17,"Captive","Social",2022-12-07,35.6297984,-79.7647964,"Keeper 164","No",3.5,9.9,5,4,0.1,3,3,4,1,0.5,3,1,1,9,5,9.5,0.1,0.1,5,4,0.1,1
18673181,"Inst-33","Southern White","Female",2005-12-03,17,"Captive","Social",2022-12-09,35.6297984,-79.7647964,"Keeper 131","No",6.5,9.5,7,6.5,0,2,4,7,1,6,3,2,2,6.5,3.5,10,0,0,8.5,8.5,0,0
18673181,"Inst-33","Southern White","Female",2005-12-03,17,"Captive","Social",2022-12-09,35.6297984,-79.7647964,"Keeper 217","No",6,7,7,5,0,6,6,7,4,3,3,6,6,7,6,9,0.1,0.1,8,9,0.1,0.1
18673181,"Inst-33","Southern White","Female",2005-12-03,17,"Captive","Social",2022-12-22,35.6297984,-79.7647964,"Keeper 222","No",5.4,10,5.1,8,0.6,4.3,4.3,8.4,4.5,4.9,5.5,4,0.3,8.5,4.5,10,0.3,0.2,5.2,9.9,0.6,0.9
18673181,"Inst-33","Southern White","Female",2005-12-03,16,"Captive","Social",2022-11-29,35.6297984,-79.7647964,"Keeper 102","No",7.1,10,8.5,5,0.2,7,7.5,9,5,0.3,4.5,7.5,8,8,8.5,9.8,0.2,0.2,9.8,9,0.2,0.2
24424800,"Inst-33","Southern White","Female",2018-07-13,4,"Captive","Social",2022-11-27,35.6297984,-79.7647964,"Keeper 222","No",6.7,3,6.7,4,0,2,4,8,5,6,6.7,2.4,2.3,9.5,8.7,10,0,0,10,10,0.1,2.1
24424800,"Inst-33","Southern White","Female",2018-07-13,4,"Captive","Social",2022-11-29,35.6297984,-79.7647964,"Keeper 102","No",8.6,4,7.5,5,2,4.5,8,9.5,6.5,2.5,8.5,3,3,9.8,5.5,10,0.2,0.2,9.9,9,0.2,0.5
24424800,"Inst-33","Southern White","Female",2018-07-13,4,"Captive","Social",2022-12-07,35.6297984,-79.7647964,"Keeper 164","No",9,2,5,4,3,3,3,5,3,3,2,2,2,10,10,10,0.1,0.1,8,8,0.5,1
24424800,"Inst-33","Southern White","Female",2018-07-13,4,"Captive","Social",2022-12-09,35.6297984,-79.7647964,"Keeper 131","No",9.5,1.5,5,3,0,1.7,6,9.5,1.5,8,2,6.5,6.2,10,8.7,10,0,0,8.8,10,0,0
24424800,"Inst-33","Southern White","Female",2018-07-13,4,"Captive","Social",2022-12-10,35.6297984,-79.7647964,"Keeper 217","No",7,2,5,7,0,2,5,3,1,2,1,0.5,0.5,6,4,8,0.1,0.1,8,7,0.1,0.1
21639474,"Inst-33","Southern White","Female",2020-02-24,2,"Captive","Social",2022-11-29,35.6297984,-79.7647964,"Keeper 102","No",7,3,6.5,5,0.2,1.5,5,6.5,2,0.4,4,3.1,2,6.5,0.2,10,0.2,0.3,10,9.6,0.3,1.5
21639474,"Inst-33","Southern White","Female",2020-02-24,2,"Captive","Social",2022-12-09,35.6297984,-79.7647964,"Keeper 131","No",9,4,7,4.5,0,1,7,9,1.5,8,1.5,2.5,2.5,5.5,7.5,10,0,0,10,8,0,2
21639474,"Inst-33","Southern White","Female",2020-02-24,2,"Captive","Social",2022-12-10,35.6297984,-79.7647964,"Keeper 217","No",6,5,5,7,0,2,5,5,0.1,1,1,0.1,0.1,8,3,8,0.5,0.1,8,9,0.1,0.1
21639474,"Inst-33","Southern White","Female",2020-02-24,2,"Captive","Social",2022-12-07,35.6297984,-79.7647964,"Keeper 164","No",9,4,6,5,0.1,3,3,5,1,3,2,2,2,5,5,10,1,0.5,9,6,3,1
21639474,"Inst-33","Southern White","Female",2020-02-24,2,"Captive","Social",2022-12-22,35.6297984,-79.7647964,"Keeper 222","No",8,6.4,6.9,5.5,0.3,1.3,1.9,4.5,3.7,4,1.7,6.9,6.5,9.2,9.6,9.4,0.9,0.8,8,8.8,0.5,1.3
18673175,"Inst-33","Southern White","Female",1997-01-09,25,"Wild","Social",2022-11-29,35.6297984,-79.7647964,"Keeper 102","No",7,5,7,5,0.3,4,6.8,8.5,5,2,5,1.5,5.1,8.5,5.1,9.1,0.2,1,9.9,9,0.2,1
18673175,"Inst-33","Southern White","Female",1997-01-09,25,"Wild","Social",2022-12-07,35.6297984,-79.7647964,"Keeper 164","No",7,9,8,6,0.1,5,5,5,5,2,2,2,2,8,5,10,1,1,8,8,1,0.5
18673175,"Inst-33","Southern White","Female",1997-01-09,25,"Wild","Social",2022-12-09,35.6297984,-79.7647964,"Keeper 131","No",9,2.5,7.5,5,0.2,6.5,4.5,8.5,6.5,0.7,8.5,6,2,7.5,1.5,10,0,0,10,9.5,0,0
18673175,"Inst-33","Southern White","Female",1997-01-09,25,"Wild","Social",2022-12-09,35.6297984,-79.7647964,"Keeper 217","No",7,5,5,5,0,3,6,5,3,2,2,1,1,6,4,9,1,1,8,9,1,1
18673175,"Inst-33","Southern White","Female",1997-01-09,25,"Wild","Social",2022-12-22,35.6297984,-79.7647964,"Keeper 222","No",6.8,5.2,6,5.5,1,4.5,3.1,9.1,4.5,0.8,3.6,2.9,2.6,8.9,4.4,9.5,0.3,1.3,10,9.4,0.6,1.1
21639468,"Inst-33","Southern White","Female",1988-01-01,34,"Wild","Social",2022-11-29,35.6297984,-79.7647964,"Keeper 102","No",5.1,7,5.1,5.1,0.3,9.7,5,2.5,9,0.2,9.5,5,8.5,2.5,2.5,5,0.3,0.3,9.6,6.1,4,1
21639468,"Inst-33","Southern White","Female",1988-01-01,34,"Wild","Social",2022-12-07,35.6297984,-79.7647964,"Keeper 164","No",9,9,8,5,0.1,9,7,5,5,5,5,5,5,5,5,5,2,1,5,5,3,1
21639468,"Inst-33","Southern White","Female",1988-01-01,34,"Wild","Social",2022-12-09,35.6297984,-79.7647964,"Keeper 131","No",6.5,5.5,7.5,4,0,7,5,9,3,0.5,8,2,1,1.5,1.5,10,0,0.1,10,9,0.5,0.2
21639468,"Inst-33","Southern White","Female",1988-01-01,34,"Wild","Social",2022-12-09,35.6297984,-79.7647964,"Keeper 217","No",7,5,5,4,0,10,8,3,6,0,10,4,6,3,5,7,3,0,8,9,1,1
21639468,"Inst-33","Southern White","Female",1988-01-01,34,"Wild","Social",2022-12-22,35.6297984,-79.7647964,"Keeper 222","No",7.4,8.9,8.1,5.8,1.4,10,8.7,3.4,3.1,9.5,8.5,0.4,0.7,1.4,1.5,6.9,0.5,0.7,8.8,2.2,2.5,2.3
18673169,"Inst-33","Southern White","Female",2020-01-05,2,"Captive","Social",2022-11-29,35.6297984,-79.7647964,"Keeper 102","No",8.5,4.5,9,5,2.5,3,5,9,4,3,4,5,2.5,9.5,5,10,0.1,0.2,10,10,0.2,1
18673169,"Inst-33","Southern White","Female",2020-01-05,2,"Captive","Social",2022-12-07,35.6297984,-79.7647964,"Keeper 164","No",8,7,9,5,0.1,5,5,5,5,1,5,5,5,8,5,10,4,0.1,8.1,10,1,0.1
18673169,"Inst-33","Southern White","Female",2020-01-05,2,"Captive","Social",2022-12-09,35.6297984,-79.7647964,"Keeper 131","No",9,4.5,8.5,5.8,0,1,6.3,8.7,1,8.5,0.5,6.7,5.4,9.5,6.5,10,0,0,9.5,10,0,0
18673169,"Inst-33","Southern White","Female",2020-01-05,2,"Captive","Social",2022-12-10,35.6297984,-79.7647964,"Keeper 217","No",6,3,4,7,0,2,5,6,0.5,1,2,0.1,0.1,7,5,9,0.1,0.1,8,9,0.1,0.1
18673169,"Inst-33","Southern White","Female",2020-01-05,2,"Captive","Social",2022-12-22,35.6297984,-79.7647964,"Keeper 222","No",8.4,7,7.2,6.2,0.5,2,1.8,8.4,3.7,2.7,5.1,4.7,5.5,9.7,9.2,9.6,0.9,0.5,7.1,9.6,0.2,1.4
21503070,"Inst-33","Southern White","Female",2018-07-02,4,"Captive","Social",2022-11-29,35.6297984,-79.7647964,"Keeper 102","No",7.5,4.5,8.5,5,0.2,6.8,7.5,8.6,7,4,8,8,5,8.6,7,9.6,0.2,0.2,9.5,9.1,0,1
21503070,"Inst-33","Southern White","Female",2018-07-02,4,"Captive","Social",2022-12-07,35.6297984,-79.7647964,"Keeper 164","No",8,5,8,3,0.1,9,5,7,6,1.5,5,3,3,6,6,10,0.1,0.1,7,5,0.1,1
21503070,"Inst-33","Southern White","Female",2018-07-02,4,"Captive","Social",2022-12-09,35.6297984,-79.7647964,"Keeper 131","No",9,6.5,7.5,4.5,0,3,6,7.5,3,6.5,3.7,2.5,3.5,7.5,6.5,10,0,0,10,9,0,1
21503070,"Inst-33","Southern White","Female",2018-07-02,4,"Captive","Social",2022-12-10,35.6297984,-79.7647964,"Keeper 217","No",6,4,3,5,0,5,5,4,5,3,4,1,2,3,4,7,1,0.1,7,7,0.1,1
21503070,"Inst-33","Southern White","Female",2018-07-02,4,"Captive","Social",2022-12-22,35.6297984,-79.7647964,"Keeper 222","No",8.4,7.8,7.3,4.3,0.5,6,5.4,6.2,7,5.5,6.1,3.4,2.9,9.5,9.4,9.6,0.8,0.3,10,8.6,0.8,1.3
21639615,"Inst-33","Southern White","Female",1992-01-01,30,"Wild","Social",2022-11-29,35.6297984,-79.7647964,"Keeper 102","No",1.9,9.2,3,8,5.1,9.4,1.6,1.5,3.9,1,8,5,7.1,0.4,0.3,8.4,0.7,4,1.5,1,0.5,5
21639615,"Inst-33","Southern White","Female",1992-01-01,30,"Wild","Social",2022-12-07,35.6297984,-79.7647964,"Keeper 164","No",0.5,9,0.5,9,NA,0.1,1,1,0.5,0.5,0.1,0.1,0.1,3,1,4,0.1,1,3,1,0.1,1
21639615,"Inst-33","Southern White","Female",1992-01-01,30,"Wild","Social",2022-12-09,35.6297984,-79.7647964,"Keeper 131","No",3,10,4,9.5,0,0.5,0.1,4,0.2,0,2,0.5,0.5,6,5.5,10,0,0,2,10,0,0
21639615,"Inst-33","Southern White","Female",1992-01-01,30,"Wild","Social",2022-12-09,35.6297984,-79.7647964,"Keeper 217","No",2,3,3,7,0,3,4,3,1,2,1,1,1,3,2,7,1,1,3,5,0,1
21639615,"Inst-33","Southern White","Female",1992-01-01,30,"Wild","Social",2022-12-22,35.6297984,-79.7647964,"Keeper 222","No",5.3,3,6.2,5.2,0.5,8.2,5,4.2,6.3,1.5,3.6,1,1.1,9.2,7,7,0.9,0.7,5.3,5.3,1.1,0.9
19030331,"Inst-33","Southern White","Female",1968-01-01,54,"Wild","Social",2022-11-29,35.6297984,-79.7647964,"Keeper 102","No",1.8,4.9,2.8,6.3,1.1,0.6,5.1,2.9,0.2,NA,0.3,0.3,0.3,3,0.2,8.1,0.4,1.5,7.5,1,0,0
16952462,"Inst-4","Southern White","Female",2000-11-14,22,"Captive","Social",2023-06-30,33.6364933,-98.0139277999999,"Keeper 126","No",5,8.1,5,5,0.5,3,6,7.5,2,0.5,5.5,1.1,1.1,9,7.5,9.1,0.5,0,8,10,0.5,0.5
19073289,"Inst-43","Southern White","Male",2004-08-29,18,"Captive","Social",2022-11-21,34.0100149,-81.0729917,"Keeper 182","Yes",5,5,7,3,1,2,7,7,3,4,0,0,NA,9,7,7,2,0,9,8,0,0
14662489,"Inst-4","Southern White","Female",1992-01-01,31,"Wild","Social",2023-06-30,33.6364933,-98.0139277999999,"Keeper 126","No",7,9.5,7,5,0.3,5,6,5,1,2,0.1,0.1,0.1,6,3.5,10,0,0,5,10,0,0
17283611,"Inst-4","Southern White","Female",1992-12-06,30,"Captive","Social",2023-06-30,33.6364933,-98.0139277999999,"Keeper 126","No",5,7.5,8.5,5,0,8,7,9,8.5,0.5,8.5,8,8,8,8,9,2,0,7.5,7.5,2.5,0.5
24403821,"Inst-4","Southern White","Male",1999-04-21,24,"Captive","Social",2023-06-30,33.6364933,-98.0139277999999,"Keeper 126","No",7.5,8,8,4,0,5,8.5,9,3,3,2,0,0,10,9,9,1,0,9,9.2,1,1
24424971,"Inst-35","Southern White","Female",1986-01-01,36,"Wild","Social",2022-12-15,41.2258648,-95.9271093,"Keeper 54","No",6,4,7,4,0,7,6,4,1,1,2,1,0,6,2,8,0,1,9,8,0,1
24424971,"Inst-35","Southern White","Female",1986-01-01,36,"Wild","Social",2022-12-15,41.2258648,-95.9271093,"Keeper 103","",5,4,4,6,1,NA,NA,NA,NA,NA,NA,NA,NA,NA,NA,10,0.5,0.3,9,9.4,0.2,4
24424971,"Inst-35","Southern White","Female",1986-01-01,36,"Wild","Social",2022-12-17,41.2258648,-95.9271093,"Keeper 228","No",8.6,9,9,5,0,0,1,8,3.5,3,0,0,0,5,2,10,0,0,10,10,0,0
24424971,"Inst-35","Southern White","Female",1986-01-01,36,"Wild","Social",2022-12-15,41.2258648,-95.9271093,"Keeper 133","No",4,5,6.5,8,3,5,2,4,4,3.5,3,2,2,3,1,8,1,1,8,7.5,2,1
24424968,"Inst-35","Southern White","Male",1998-10-01,24,"Captive","Social",2022-12-15,41.2258648,-95.9271093,"Keeper 54","No",5,7,6,5,1,5,9,5,2,1,6,1,0,4,2,10,0,0,9,10,0,2
24424968,"Inst-35","Southern White","Male",1998-10-01,24,"Captive","Social",2022-12-17,41.2258648,-95.9271093,"Keeper 228","No",10,9,7.5,5,0,7.5,8,8,3,0,3,0,NA,5,7,10,0,0,9.7,9.5,0,0
24424968,"Inst-35","Southern White","Male",1998-10-01,24,"Captive","Social",2022-12-20,41.2258648,-95.9271093,"Keeper 103","No",5,9.5,9,5,0.1,0.2,7,3,2,1,0.1,0.1,0.1,9,5,10,0.1,0.1,9,10,0.2,0.4
24424968,"Inst-35","Southern White","Male",1998-10-01,24,"Captive","Social",2022-12-15,41.2258648,-95.9271093,"Keeper 133","No",5,4,5,6.5,2.5,3,7.5,5,2,2,5,0,3,3,1,9.5,1,1,8.5,8,1,1
23216989,"Inst-36","Eastern Black","Female",2012-09-08,10,"Captive","Social",2022-11-22,45.5100569,-122.7158264,"Keeper 166","No",5,2,2,2,0,5,8.5,7,5,1,0,0,0,6,0,7.5,5,5,5,2,5,5
23216989,"Inst-36","Eastern Black","Female",2012-09-08,10,"Captive","Social",2022-11-22,45.5100569,-122.7158264,"Keeper 241","No",7,5.5,5.5,3.5,1,3.5,2,10,1,0.5,0.5,0,0,8,1,10,0,0,10,2,4.5,7.5
23216989,"Inst-36","Eastern Black","Female",2012-09-08,10,"Captive","Social",2023-03-13,45.5100569,-122.7158264,"Keeper 193","No",6,2,1,3,0,7,8,5,1,NA,NA,NA,NA,4,2,9,0,0,8,2,0,8
23216989,"Inst-36","Eastern Black","Female",2012-09-08,10,"Captive","Social",2023-03-13,45.5100569,-122.7158264,"Keeper 202","No",8,3.1,3,4,1,8,6,6,3.1,3.1,2,1,1,5,3,8.1,1,1,8,5,5,5
23215384,"Inst-36","Eastern Black","Male",2013-08-26,9,"Captive","Social",2022-11-20,45.5100569,-122.7158264,"Keeper 241","No",8,7,8,2,1,2.5,10,10,0.5,0.5,0.5,NA,NA,10,0.5,10,NA,NA,10,5,1.5,5
23215384,"Inst-36","Eastern Black","Male",2013-08-26,9,"Captive","Social",2022-11-22,45.5100569,-122.7158264,"Keeper 166","No",7,8,4.5,2,0,1,10,10,0,0.5,0,0,0,9,1,10,0,0,9.5,8,1,8
23215384,"Inst-36","Eastern Black","Male",2013-08-26,9,"Captive","Social",2023-03-13,45.5100569,-122.7158264,"Keeper 193","No",6,9.5,7,3,0,3,7,7,0,2,0,0,0,9,2,9,0,0,9,8,0,1
23215384,"Inst-36","Eastern Black","Male",2013-08-26,9,"Captive","Social",2023-03-13,45.5100569,-122.7158264,"Keeper 202","No",6,8,8.1,6,0,3.9,7,7,1,3,2.1,4,4,6,1.1,9,1.2,0.5,9,8.1,1,1
21850740,"Inst-37","Southern White","Male",2005-09-11,17,"Captive","Social",2023-03-07,40.7173282,-89.5738403,"Keeper 212","Yes",7,8,6,5.5,0,0,4,2,2,NA,NA,NA,NA,8,3,10,0,0.4,1,7,0,2
21850740,"Inst-37","Southern White","Male",2005-09-11,17,"Captive","Social",2023-03-13,40.7173282,-89.5738403,"Keeper 8","Yes",8,6.5,6,2,2,1,10,10,7,5,0,3,7,3,2,10,0,0,8,6.5,2,0
21850731,"Inst-37","Southern White","Male",2005-12-10,17,"Captive","Social",2023-03-07,40.7173282,-89.5738403,"Keeper 212","Yes",8,9,3,4,0,NA,8,6,0.7,NA,0,NA,NA,9,3,8.2,0,0,4,1,0,1
21850731,"Inst-37","Southern White","Male",2005-12-10,17,"Captive","Social",2023-03-13,40.7173282,-89.5738403,"Keeper 8","Yes",8,3,7,2,0,8,10,5,7,2,2,2,7,2,3,7,0,3.5,6.5,4,3,5
24428151,"Inst-38","Southern White","Male",2002-02-08,20,"Captive","Individual",2022-12-15,39.9719878,-75.1962708,"Keeper 177","",6,7,10,3,3,NA,NA,NA,NA,NA,NA,NA,NA,NA,NA,10,1,0.2,7.5,8.5,0.1,0.1
19230309,"Inst-39","Southern White","Male",2016-04-02,6,"Captive","Individual",2022-11-28,41.6693401,-86.2179554,"Keeper 139","",7,2.5,9,5,1.5,NA,NA,NA,NA,NA,NA,NA,NA,NA,NA,10,0,0,8,8.5,0,1.5
19230309,"Inst-39","Southern White","Male",2016-04-02,6,"Captive","Individual",2022-11-28,41.6693401,-86.2179554,"Keeper 168","",5,6,8.5,4.5,3,NA,NA,NA,NA,NA,NA,NA,NA,NA,NA,9.7,0,0,6,7.5,0.5,3
19230309,"Inst-39","Southern White","Male",2016-04-02,6,"Captive","Individual",2022-11-29,41.6693401,-86.2179554,"Keeper 14","",5,9.1,7.8,6.1,2,NA,NA,NA,NA,NA,NA,NA,NA,NA,NA,10,1,1.6,6.9,10,1.3,0.8
19230309,"Inst-39","Southern White","Male",2016-04-02,6,"Captive","Individual",2022-11-30,41.6693401,-86.2179554,"Keeper 181","",6,5,9,3,0.5,NA,NA,NA,NA,NA,NA,NA,NA,NA,NA,9,0.5,2,8,7,0.5,3
19230309,"Inst-39","Southern White","Male",2016-04-02,6,"Captive","Individual",2023-01-04,41.6693401,-86.2179554,"Keeper 239","",5,1,8,6,2,NA,NA,NA,NA,NA,NA,NA,NA,NA,NA,10,0,0,8,9,0.1,2
19030319,"Inst-40","Eastern Black","Female",2007-07-06,15,"Captive","Individual",2022-11-21,42.7178696,-84.5276713,"Keeper 3","",6,4,5,6,0,NA,NA,NA,NA,NA,NA,NA,NA,NA,NA,8.5,0.2,0.1,7.3,9.2,0.1,0.2
19030319,"Inst-40","Eastern Black","Female",2007-07-06,15,"Captive","Individual",2022-11-27,42.7178696,-84.5276713,"Keeper 158","",5,7.5,5,5,3,NA,NA,NA,NA,NA,NA,NA,NA,NA,NA,9,2,1,9.2,8.1,2.2,1
19030319,"Inst-40","Eastern Black","Female",2007-07-06,15,"Captive","Individual",2022-12-04,42.7178696,-84.5276713,"Keeper 109","No",4,8,3,6.1,4,NA,NA,NA,NA,NA,NA,NA,NA,NA,NA,10,0,0,8.9,8.1,0,0
14662348,"Inst-40","Eastern Black","Male",2007-09-27,15,"Captive","Individual",2022-11-27,42.7178696,-84.5276713,"Keeper 158","",8,2,5.1,4,5.5,NA,NA,NA,NA,NA,NA,NA,NA,NA,NA,6,4.1,2,7,5,6.1,6
14662348,"Inst-40","Eastern Black","Male",2007-09-27,15,"Captive","Individual",2022-11-21,42.7178696,-84.5276713,"Keeper 3","",8,4,6,5.8,2,NA,NA,NA,NA,NA,NA,NA,NA,NA,NA,6,3,0,7,2,7.5,0.1
14662348,"Inst-40","Eastern Black","Male",2007-09-27,15,"Captive","Individual",2022-12-04,42.7178696,-84.5276713,"Keeper 109","No",9.9,4.3,8.6,5.5,4.5,NA,NA,NA,NA,NA,NA,NA,NA,NA,NA,6.2,3,1.1,6.4,0,0,0
24428154,"Inst-41","Eastern Black","Male",2003-09-19,19,"Captive","Social",2022-12-18,42.7481071,-87.7845252,"Keeper 221","No",6.5,3,2,4,2,1.5,8.5,8.5,0,0,3,0,0,9,2,7.5,0,1,5.5,4.5,1,6
24428154,"Inst-41","Eastern Black","Male",2003-09-19,19,"Captive","Social",2023-01-06,42.7481071,-87.7845252,"Keeper 18","No",7.4,2.9,4,3.2,4.2,6.2,7.4,6,0.6,NA,NA,NA,NA,8.3,NA,6.9,1.3,0.2,6.3,5.4,0.3,0.3
24428154,"Inst-41","Eastern Black","Male",2003-09-19,19,"Captive","Social",2022-12-18,42.7481071,-87.7845252,"Keeper 238","No",8.5,1.3,1.4,4.2,1,1,9,8.7,0.7,6.2,0.8,0,NA,9,3.4,5.2,0.3,1,5.4,1.8,0.3,4.8
24428157,"Inst-41","Eastern Black","Female",2001-01-26,21,"Captive","Social",2022-12-18,42.7481071,-87.7845252,"Keeper 221","No",3.3,4,8.5,6.5,2,3.3,1.5,4,1.5,0,0.5,0,0,8.5,0,10,0,0,9,8,0.5,1
24428157,"Inst-41","Eastern Black","Female",2001-01-26,21,"Captive","Social",2023-01-06,42.7481071,-87.7845252,"Keeper 18","No",5,8.4,6.5,4.9,3.2,3.7,4.7,7.4,2.8,NA,NA,NA,NA,7.1,NA,9.2,0.9,0.1,8.8,4.9,5,2.7
24428157,"Inst-41","Eastern Black","Female",2001-01-26,21,"Captive","Social",2022-12-18,42.7481071,-87.7845252,"Keeper 238","No",4.3,6.5,6.8,8,1,4.8,6.6,5.1,4.3,1.9,1.3,0,NA,1.4,0.5,9,3.6,0.4,8.6,5.1,6.7,1.9
15458923,"Inst-42","Southern White","Male",2002-12-24,20,"Captive","Individual",2023-03-09,32.2098547,-110.9207443,"Keeper 2","",8,2.5,8.6,2.2,0.5,NA,NA,NA,NA,NA,NA,NA,NA,NA,NA,7.3,1.6,1.6,7,6.1,1.5,3
15458923,"Inst-42","Southern White","Male",2002-12-24,20,"Captive","Individual",2023-03-09,32.2098547,-110.9207443,"Keeper 122","",7.5,7,9,4.5,0,NA,NA,NA,NA,NA,NA,NA,NA,NA,NA,9.5,0,0,7.5,8,0,3
15458923,"Inst-42","Southern White","Male",2002-12-24,20,"Captive","Individual",2023-03-19,32.2098547,-110.9207443,"Keeper 95","Yes",7,3.8,8,4,0,NA,NA,NA,NA,NA,NA,NA,NA,NA,NA,9.5,0,0,8.3,8,0,2.5
15458941,"Inst-42","Southern White","Female",1973-04-15,49,"Captive","Individual",2023-03-09,32.2098547,-110.9207443,"Keeper 2","",5,10,6,5,0.5,NA,NA,NA,NA,NA,NA,NA,NA,NA,NA,5,0.1,0.1,5,5,0.1,0.1
15458941,"Inst-42","Southern White","Female",1973-04-15,49,"Captive","Individual",2023-03-09,32.2098547,-110.9207443,"Keeper 122","",5,9.5,7,6,0,NA,NA,NA,NA,NA,NA,NA,NA,NA,NA,10,0,0,9.5,10,0,0
15458941,"Inst-42","Southern White","Female",1973-04-15,49,"Captive","Individual",2023-03-19,32.2098547,-110.9207443,"Keeper 95","Yes",5.5,9.3,8.5,6.5,0,NA,NA,NA,NA,NA,NA,NA,NA,NA,NA,9.5,0.5,0,9,7,0,0
19073289,"Inst-43","Southern White","Male",2004-08-29,18,"Captive","Social",2022-11-25,34.0100149,-81.0729917,"Keeper 53","No",6.5,9,3.5,3.5,0.5,2.5,4,7,0.8,0.2,0.2,0,0,10,0.8,8,0.5,0,8.5,9,0,0
19073289,"Inst-43","Southern White","Male",2004-08-29,18,"Captive","Social",2022-11-30,34.0100149,-81.0729917,"Keeper 19","No",6,7,4,5.5,2,0,2.5,4,0,0,0,0,0,7,0,8.5,0,0,9,9,0,0
19073289,"Inst-43","Southern White","Male",2004-08-29,18,"Captive","Social",2023-01-20,34.0100149,-81.0729917,"Keeper 87","No",7,8.7,6,5,2,3.5,8.4,5.6,4.2,4.4,1.1,0,NA,6.3,2.2,8.7,1.5,0,8.9,8,1.1,1
19073289,"Inst-43","Southern White","Male",2004-08-29,18,"Captive","Social",2023-02-07,34.0100149,-81.0729917,"Keeper 7","No",7,5.7,8.6,2.2,0.6,3.3,8.5,5.6,1,1,1,0.3,0,9.1,0.4,6.2,1.5,0.1,8.1,9.6,0.3,0.1
19073289,"Inst-43","Southern White","Male",2004-08-29,18,"Captive","Social",2023-03-17,34.0100149,-81.0729917,"Keeper 186","No",8.2,6.5,6,2,0,2,6,6.5,1,1,2,1,1,3,1,8,1,0.5,7,7.5,0.5,2
17335112,"Inst-43","Southern White","Female",2011-12-07,10,"Captive","Social",2022-11-21,34.0100149,-81.0729917,"Keeper 182","No",6,6,7,3,1,8,3,8,3,5,2,0,0,5,8,5,1,2,7,3,3,5
17335112,"Inst-43","Southern White","Female",2011-12-07,10,"Captive","Social",2022-11-25,34.0100149,-81.0729917,"Keeper 53","No",5,3.5,2,3,0,5,0.5,5,3,4.2,0,0,2,7.5,8.5,5.8,1,0.5,5,3,1,5.5
17335112,"Inst-43","Southern White","Female",2011-12-07,10,"Captive","Social",2022-11-30,34.0100149,-81.0729917,"Keeper 19","No",5.5,1.5,0.5,3.5,0,2.5,0.5,6,2,1,0.5,0,0,8.5,3.5,8,0.5,0,8.5,2.5,1,0
17335112,"Inst-43","Southern White","Female",2011-12-07,11,"Captive","Social",2023-01-27,34.0100149,-81.0729917,"Keeper 87","No",6.7,5,2.5,3.3,0.4,6.9,0.2,5.8,4.3,2.9,2.4,0.5,0.7,7.4,7.6,8,1.4,3.1,5.8,2.2,1.2,3.2
17335112,"Inst-43","Southern White","Female",2011-12-07,11,"Captive","Social",2023-02-14,34.0100149,-81.0729917,"Keeper 7","No",5.1,0.4,0.4,6,0.2,9,0.5,0.8,7.1,6.1,2.3,0.2,0.4,7.4,3.5,5.1,0.1,1.5,5,2.9,2.9,2.9
17335112,"Inst-43","Southern White","Female",2011-12-07,11,"Captive","Social",2023-03-17,34.0100149,-81.0729917,"Keeper 186","No",7,5,5.5,2,0,3.5,0.5,5.5,1.5,1.5,0.5,0.5,1,3,2.5,6.5,1,0.5,6,3,0.5,2
17335124,"Inst-43","Southern White","Female",2017-10-02,5,"Captive","Social",2022-11-21,34.0100149,-81.0729917,"Keeper 182","No",6,6,8,5,0,9,3,9,2,2,5,0,0,9,0,9,1,0,8,8,0,1
17335124,"Inst-43","Southern White","Female",2017-10-02,5,"Captive","Social",2022-11-25,34.0100149,-81.0729917,"Keeper 53","No",6,6,9.2,4,0,7.2,0.3,7,0.8,1,2,0.1,0,10,0.2,10,0,0,7.5,9.5,0,0.2
17335124,"Inst-43","Southern White","Female",2017-10-02,5,"Captive","Social",2022-11-30,34.0100149,-81.0729917,"Keeper 19","No",4.5,7,6.5,7,0,2,0.5,7.8,0,0,1,0,0,9.3,0,9.8,0,0,8.3,9.4,0,0
17335124,"Inst-43","Southern White","Female",2017-10-02,5,"Captive","Social",2023-01-27,34.0100149,-81.0729917,"Keeper 87","No",8,8,10,4.9,0,1,0.6,6.9,2.1,1.3,3.1,0.9,0.3,8.8,0.3,9,0.4,0,7,6.1,1.1,0.4
17335124,"Inst-43","Southern White","Female",2017-10-02,5,"Captive","Social",2023-02-14,34.0100149,-81.0729917,"Keeper 7","No",6.3,6.2,8.5,5,0.1,2.6,0.4,8,1.3,0.9,8.4,0.9,1.2,10,0.8,9.1,0.2,0.2,8,9.1,0.3,0.6
17335124,"Inst-43","Southern White","Female",2017-10-02,5,"Captive","Social",2023-03-17,34.0100149,-81.0729917,"Keeper 186","No",7.5,7,8,2,0,0.5,1,6,1,0.5,2.5,1,1,7,0,8,1,1,7,6,0.5,1.5
24428313,"Inst-44","Southern White","Male",2004-09-15,18,"Captive","Individual",2022-11-29,42.9518497,-79.0574417999999,"Keeper 163","",5,1,10,5,0,NA,NA,NA,NA,NA,NA,NA,NA,NA,NA,10,0,0,10,10,0,0
24428313,"Inst-44","Southern White","Male",2004-09-15,18,"Captive","Individual",2022-12-01,42.9518497,-79.0574417999999,"Keeper 67","Yes",8,7,8,4,2,NA,NA,NA,NA,NA,NA,NA,NA,NA,NA,10,0,0,9,10,0,0
24428166,"Inst-44","Southern White","Male",2003-03-12,19,"Captive","Individual",2022-11-29,42.9518497,-79.0574417999999,"Keeper 163","",5,8,10,3,0,NA,NA,NA,NA,NA,NA,NA,NA,NA,NA,10,0,0,10,10,1,1
24428166,"Inst-44","Southern White","Male",2003-03-12,19,"Captive","Individual",2022-12-01,42.9518497,-79.0574417999999,"Keeper 67","Yes",7,5,7,3,2,NA,NA,NA,NA,NA,NA,NA,NA,NA,NA,10,0,1,8,8,0,2.5
19548899,"Inst-45","Southern White","Female",2003-07-01,19,"Wild","Social",2023-06-27,38.5569166,-122.6955347,"Keeper 86","No",2.5,8,5.6,5.8,0,5,1.5,3.5,3.5,4,3,0,0,1.6,2.2,9.3,0.7,0,7.8,6.9,1.7,1.8
19548899,"Inst-45","Southern White","Female",2003-07-01,19,"Wild","Social",2023-06-28,38.5569166,-122.6955347,"Keeper 244","No",2.6,6.9,7.2,8.4,4,7.7,1,5,6.9,6.8,8.1,2.5,1.4,8.1,6,7.9,1,0.8,8.5,8.1,0.7,4.3
19548899,"Inst-45","Southern White","Female",2003-07-01,19,"Wild","Social",2023-06-28,38.5569166,-122.6955347,"Keeper 214","No",2.6,5.5,7.2,8.8,0.7,5,5,5,8.1,8,8,1,1,5,9,9.5,0.5,0.5,7,9.7,1,0.5
19548899,"Inst-45","Southern White","Female",2003-07-01,19,"Wild","Social",2023-06-28,38.5569166,-122.6955347,"Keeper 173","No",8.7,9.5,8.6,4,1,8.6,5.3,7.7,8.6,0.8,9.8,0.4,0.3,5.8,2,9.9,0.7,0,9.6,9.6,0.3,0.3
14662498,"Inst-45","Southern White","Male",1996-07-01,26,"Wild","Social",2023-06-27,38.5569166,-122.6955347,"Keeper 86","No",4,8,8.5,5.1,0,8,8,8,1,0,2,3.6,3.5,5,2.5,9,0.3,0,8.8,9.5,0,0
14662498,"Inst-45","Southern White","Male",1996-07-01,26,"Wild","Social",2023-06-28,38.5569166,-122.6955347,"Keeper 244","No",5,5.1,6.6,8.2,3.6,5,2.5,4.9,1.8,2.6,7.6,7,5,5.1,2.8,4.2,2,1.2,7,7.6,1.7,7.6
14662498,"Inst-45","Southern White","Male",1996-07-01,26,"Wild","Social",2023-06-28,38.5569166,-122.6955347,"Keeper 214","No",5,1.5,8.7,8.7,1,8.7,8.7,7.1,6.1,1.7,8.6,1.1,1.1,6,5,9.6,1,0.8,9,9.3,1.1,0.7
14662498,"Inst-45","Southern White","Male",1996-07-01,26,"Wild","Social",2023-06-28,38.5569166,-122.6955347,"Keeper 173","No",8,8.5,9,8.3,0.3,0.5,7.7,7,0.5,0.5,1.6,0.5,0.5,8,0.5,9.5,0,0,9.7,8.5,0.5,0.5
24428337,"Inst-46","Eastern Black","Male",2004-08-17,19,"Captive","Social",2023-09-10,38.6365116,-90.2924701,"Keeper 199","No",4.9,1.4,9.1,5,2.5,7.3,8.5,8.5,2.9,0.8,1.3,1.1,1.1,7.3,3.7,8.3,0.1,0.1,10,8.1,0.1,0.1
24428337,"Inst-46","Eastern Black","Male",2004-08-17,19,"Captive","Social",2023-09-10,38.6365116,-90.2924701,"Keeper 38","No",7.9,8.8,8,8,6,4,8.5,8,1.8,0.5,0,0,0,9,6.8,8.8,0.5,0,9,7.5,1,0.5
24428337,"Inst-46","Eastern Black","Male",2004-08-17,19,"Captive","Social",2023-09-10,38.6365116,-90.2924701,"Keeper 237","",5,8,8,4,2.4,NA,NA,NA,NA,NA,NA,NA,NA,NA,NA,10,0.5,0,9,10,0,0
24428337,"Inst-46","Eastern Black","Male",2004-08-17,19,"Captive","Social",2023-09-10,38.6365116,-90.2924701,"Keeper 110","No",8,8,8,5,0,0,9.5,9.5,0.5,0,0,0,0,9.5,5,9.5,0.5,0,9.5,9.5,0.5,0
24428337,"Inst-46","Eastern Black","Male",2004-08-17,19,"Captive","Social",2023-09-11,38.6365116,-90.2924701,"Keeper 60","No",7,6,7.5,8,3,NA,10,9,3,NA,NA,NA,NA,8.5,2,8.5,2.5,1,8,9,2,1
24428337,"Inst-46","Eastern Black","Male",2004-08-17,19,"Captive","Social",2023-09-13,38.6365116,-90.2924701,"Keeper 175","No",8,8,8,3.5,1.5,NA,NA,NA,NA,NA,NA,NA,NA,3.5,4.3,9,1,0,9,9,0,0.5
24428337,"Inst-46","Eastern Black","Male",2004-08-17,19,"Captive","Social",2023-09-14,38.6365116,-90.2924701,"Keeper 93","No",8.3,7.4,7.6,6.3,0.4,NA,5,NA,3.1,0.3,1.8,NA,NA,8.9,5.4,7.9,0.5,0.3,5,5.1,0.3,0.3
24428337,"Inst-46","Eastern Black","Male",2004-08-17,19,"Captive","Social",2023-09-14,38.6365116,-90.2924701,"Keeper 205","No",8.1,7.8,8.3,2.1,5,4,8.7,7.8,2,0.1,0.4,0.4,0.4,9,7.1,8.2,1.8,NA,8.2,6.9,3.1,1.9
24428337,"Inst-46","Eastern Black","Male",2004-08-17,19,"Captive","Social",2023-09-20,38.6365116,-90.2924701,"Keeper 148","No",6,8,6,4,3,3,7,7,3,2,1,5,5,9,7,8,3,1,8,6,3,4
24428340,"Inst-46","Eastern Black","Female",2004-11-05,18,"Captive","Social",2023-09-10,38.6365116,-90.2924701,"Keeper 199","No",7.4,3,3,5,6.9,2,1.4,8,0.1,1.1,0.1,0.1,0.1,5.5,1.6,8.2,0,0,7.8,9.8,1.2,2.3
24428340,"Inst-46","Eastern Black","Female",2004-11-05,18,"Captive","Social",2023-09-10,38.6365116,-90.2924701,"Keeper 38","No",6.5,2,2,3,5,2,5.5,7,1.5,1,0,0,0,5.5,1,8.5,0,0.5,7,5.5,0.5,2
24428340,"Inst-46","Eastern Black","Female",2004-11-05,18,"Captive","Social",2023-09-10,38.6365116,-90.2924701,"Keeper 237","",4.1,3,5,4,0,NA,NA,NA,NA,NA,NA,NA,NA,NA,NA,9,0,0,7,7.5,0,5.1
24428340,"Inst-46","Eastern Black","Female",2004-11-05,18,"Captive","Social",2023-09-10,38.6365116,-90.2924701,"Keeper 110","No",5,5,2.5,5,1.8,0,3,9.5,0.5,1,0,0,0,7.5,0,9.5,0,0.5,8.5,9.5,0,0.5
24428340,"Inst-46","Eastern Black","Female",2004-11-05,18,"Captive","Social",2023-09-11,38.6365116,-90.2924701,"Keeper 60","No",4,2,3.5,6.5,1.5,NA,8,6.5,2,2,NA,NA,NA,8,NA,9,1,3,8,8,1,4
24428340,"Inst-46","Eastern Black","Female",2004-11-05,18,"Captive","Social",2023-09-13,38.6365116,-90.2924701,"Keeper 175","No",6,1,1,3,0.5,0.5,4,9,0,0.5,0,0.5,0,7,5,9.5,0.5,1.5,8.5,8.5,0,1.5
24428340,"Inst-46","Eastern Black","Female",2004-11-05,18,"Captive","Social",2023-09-15,38.6365116,-90.2924701,"Keeper 205","No",4.3,5,5,4.1,1.8,5,2.7,8.4,2.1,3.1,0.2,0.2,0.2,8.1,5,7.9,0.2,0.4,7.3,4,0.5,5.2
24428340,"Inst-46","Eastern Black","Female",2004-11-05,18,"Captive","Social",2023-09-20,38.6365116,-90.2924701,"Keeper 148","No",5,2,4,5,4,2,5,7,3,4,1,1,2,8,2,8,1,6,5,4.9,1,2
24428340,"Inst-46","Eastern Black","Female",2004-11-05,18,"Captive","Social",2023-09-14,38.6365116,-90.2924701,"Keeper 93","No",8.2,1.4,4.9,5,0.5,0.4,2.4,6.6,1.5,0.2,0.2,0.2,0.2,7.3,0.2,6.6,0.4,1,6.5,4.7,0.2,4
22201325,"Inst-47","Southern White","Female",2016-01-29,6,"Captive","Social",2022-12-07,29.4623904,-98.4737232,"Keeper 82","No",7.5,8,8.5,8,0,3,2.5,7,1.5,1,3,8,6.5,4,2,8.5,1.5,1,2.5,8.5,1.5,0.5
22201325,"Inst-47","Southern White","Female",2016-01-29,6,"Captive","Social",2022-12-15,29.4623904,-98.4737232,"Keeper 120","No",6,8,5,3,0,3,2,5,2,0.5,3.5,2,3,8,2.9,8.1,0.4,0.1,9,9,0.1,0.1
22201325,"Inst-47","Southern White","Female",2016-01-29,6,"Captive","Social",2023-01-17,29.4623904,-98.4737232,"Keeper 57","No",8.2,8.5,7,4.5,2,3,1.4,9,1.5,1,1.5,NA,NA,9,1,9.3,NA,NA,6.7,8.5,NA,NA
22201325,"Inst-47","Southern White","Female",2016-01-29,6,"Captive","Social",2023-01-21,29.4623904,-98.4737232,"Keeper 119","Yes",5,7,8,5,1,3.5,5,8,0.5,1,3,0,0,8,3,9,0,0,9,8,0,0
22201313,"Inst-47","Southern White","Male",1990-12-14,32,"Captive","Social",2023-01-17,29.4623904,-98.4737232,"Keeper 57","No",6.5,5.2,6.5,5.5,2.5,3,7.2,6.3,1,4,1.5,NA,NA,3.5,1,8.6,NA,NA,6.9,5,2,2
22201313,"Inst-47","Southern White","Male",1990-12-14,32,"Captive","Social",2023-01-21,29.4623904,-98.4737232,"Keeper 119","Yes",5,6,8,5,1,4,9,6,0.5,NA,3.5,0,0,8,6,8,3,0,7,3,5,0
22201313,"Inst-47","Southern White","Male",1990-12-14,31,"Captive","Social",2022-12-07,29.4623904,-98.4737232,"Keeper 82","No",6,6,3,8.5,0,2,9,8,2,4,1,NA,1,2,3,9,3,0,6.5,3,6,1
22201313,"Inst-47","Southern White","Male",1990-12-14,32,"Captive","Social",2022-12-15,29.4623904,-98.4737232,"Keeper 120","No",6,6,3,3,0,1,3,4,0.5,5,1,0,0,5,2,7.1,3.1,1,8,6,3.5,1
22201316,"Inst-47","Southern White","Female",2015-10-16,7,"Captive","Social",2022-12-07,29.4623904,-98.4737232,"Keeper 82","No",8,7.5,10,8,0,8,6,9,3,2,5.5,7,8,6,4,6.5,1,0,9,9,0.5,0
22201316,"Inst-47","Southern White","Female",2015-10-16,7,"Captive","Social",2022-12-15,29.4623904,-98.4737232,"Keeper 120","No",5,8,5,4.1,0,3,2,6,1,1,1,2,3,8,3.3,8,1,0.3,8,8,0.5,0.5
22201316,"Inst-47","Southern White","Female",2015-10-16,7,"Captive","Social",2023-01-17,29.4623904,-98.4737232,"Keeper 57","No",9,6.5,7.5,6,1.5,8.5,2.5,9.5,3.5,3.3,3.3,NA,NA,9.5,2,9,NA,NA,7,6,NA,2.1
22201316,"Inst-47","Southern White","Female",2015-10-16,7,"Captive","Social",2023-01-21,29.4623904,-98.4737232,"Keeper 119","No",5,4,8,5,1,7,6,8,3,0,4.5,5,5,8,3,9,0.5,0,9,9,0,0
24428346,"Inst-49","Eastern Black","Male",2008-07-16,14,"Captive","Individual",2023-05-16,37.7331274,-122.5051611,"Keeper 184","",7,4,5,6,3,NA,NA,NA,NA,NA,NA,NA,NA,NA,NA,9,0.5,0.5,9.5,9,1.5,0.5
24428346,"Inst-49","Eastern Black","Male",2008-07-16,14,"Captive","Individual",2023-05-26,37.7331274,-122.5051611,"Keeper 203","",7,5,8,4,3,NA,NA,NA,NA,NA,NA,NA,NA,NA,NA,10,2,0,10,9,3,1
24428346,"Inst-49","Eastern Black","Male",2008-07-16,14,"Captive","Individual",2023-05-28,37.7331274,-122.5051611,"Keeper 219","",8,5,5,4,2,NA,NA,NA,NA,NA,NA,NA,NA,NA,NA,9,1,0,10,9,1,0
24428346,"Inst-49","Eastern Black","Male",2008-07-16,14,"Captive","Individual",2023-06-01,37.7331274,-122.5051611,"Keeper 150","",4,4,3,7,2.5,NA,NA,NA,NA,NA,NA,NA,NA,NA,NA,9.5,1,0,9,8.3,0.5,0
19024655,"Inst-50","Eastern Black","Female",1998-01-26,24,"Captive","Social",2022-11-22,37.717034,-97.4085609,"Keeper 17","",4,8.5,4,3,0,NA,NA,NA,NA,NA,NA,NA,NA,NA,NA,10,0,0,8.5,10,0.5,0.5
19024655,"Inst-50","Eastern Black","Female",1998-01-26,24,"Captive","Social",2022-11-25,37.717034,-97.4085609,"Keeper 194","No",5,2,6,6,1,1,4,9,0,1,0,1,0,3,1,10,0,0,7,9,0,1
19024655,"Inst-50","Eastern Black","Female",1998-01-26,24,"Captive","Social",2022-11-27,37.717034,-97.4085609,"Keeper 152","No",8,7,7,3,NA,0,10,9,NA,NA,1,0,0,7,0,10,0,0,9.5,9,0,0
19024655,"Inst-50","Eastern Black","Female",1998-01-26,24,"Captive","Social",2022-11-28,37.717034,-97.4085609,"Keeper 31","",4,9,7.5,6,0.5,NA,NA,NA,NA,NA,NA,NA,NA,NA,NA,9.9,0.1,0,8.5,9.9,0.1,0
19024655,"Inst-50","Eastern Black","Female",1998-01-26,24,"Captive","Social",2022-12-01,37.717034,-97.4085609,"Keeper 242","No",5.5,3,3.5,6,1,2,8,6,0,5,0,0,0,7,1,10,0,0,9,7,1,1
19024655,"Inst-50","Eastern Black","Female",1998-01-26,24,"Captive","Social",2022-12-07,37.717034,-97.4085609,"Keeper 16","No",7,7,5,3.5,0,10,7,10,1,0,5,0,0,1,0,9,1,0,9.5,10,0,0
19024655,"Inst-50","Eastern Black","Female",1998-01-26,24,"Captive","Social",2022-11-22,37.717034,-97.4085609,"Keeper 124","No",5,7,7,5,1,9,9,9,0,NA,NA,8,8,6,NA,9,1,0,8,8,1,1
23217244,"Inst-58","Southern White","Female",2003-07-01,19,"Wild","Social",2022-12-02,28.0138361,-82.4699672,"Keeper 40","No",8,3.7,7.3,5,NA,6.2,1.1,4.2,6.4,5.4,8.1,1.7,2.2,4,10,5,1,2.1,7.5,7.2,1.3,NA
23217244,"Inst-58","Southern White","Female",2003-07-01,19,"Wild","Social",2022-12-04,28.0138361,-82.4699672,"Keeper 169","No",7,2,7,5,0,7,3,5,2,1,5,NA,NA,1,3,7,0,0,5,5,0,0
23217244,"Inst-58","Southern White","Female",2003-07-01,19,"Wild","Social",2022-12-09,28.0138361,-82.4699672,"Keeper 165","No",6,4,0.5,3,2,10,2,3,8,0.5,10,0,0.1,4,8,3,2,0.6,2.5,0,NA,NA
23217244,"Inst-58","Southern White","Female",2003-07-01,19,"Wild","Social",2022-12-14,28.0138361,-82.4699672,"Keeper 32","No",9,2,10,3,0,5,5,9,9,0,9,9,9,7,7,8,0.5,0,4,9,0,0
23217244,"Inst-58","Southern White","Female",2003-07-01,19,"Wild","Social",2022-12-09,28.0138361,-82.4699672,"Keeper 23","No",8,9,8,5,0,9,2,6.5,9,NA,9,2,2,5,7,10,0,0,7,10,0,0
23217421,"Inst-58","Southern White","Female",2003-07-01,19,"Wild","Social",2022-11-25,28.0138361,-82.4699672,"Keeper 46","No",7.5,4.6,4.8,7.8,0,1.8,1.9,7.9,1.5,3.4,1.1,1.1,1.4,8.9,3.1,8,0,0,8.4,7.7,0,0
23217421,"Inst-58","Southern White","Female",2003-07-01,19,"Wild","Social",2022-12-02,28.0138361,-82.4699672,"Keeper 40","No",5.3,2.1,3.2,2.6,NA,3.3,1.3,3.8,3.3,7.5,1.2,1.1,1.4,5,4.2,7.7,1.1,3.3,8.1,5.2,1.2,3.2
23217421,"Inst-58","Southern White","Female",2003-07-01,19,"Wild","Social",2022-12-04,28.0138361,-82.4699672,"Keeper 169","No",5,7,4,5,0,1,3,5,1,7,1,NA,NA,5,0,5,0,0,5,2,0,0
23217421,"Inst-58","Southern White","Female",2003-07-01,19,"Wild","Social",2022-12-09,28.0138361,-82.4699672,"Keeper 165","No",4,1,2.5,1.8,0,2,0.5,10,1,0.5,4,0,0,9,5,9.5,0,10,6.5,7.5,0.5,1
23217421,"Inst-58","Southern White","Female",2003-07-01,19,"Wild","Social",2022-12-09,28.0138361,-82.4699672,"Keeper 23","No",8,5,8,5,0,3,2,8,2,2,2,1,1,9,NA,10,0,0,8,8,0,1
23217421,"Inst-58","Southern White","Female",2003-07-01,19,"Wild","Social",2022-12-14,28.0138361,-82.4699672,"Keeper 32","No",8,4,10,5,0,2,2,8,0.5,5,3,2,2,9,3,10,0,0,10,10,0,0
23215720,"Inst-58","Southern White","Female",2020-01-15,2,"Captive","Social",2022-11-25,28.0138361,-82.4699672,"Keeper 46","No",7.3,7.8,7.9,6.6,0,1,1,8.5,1,2.2,1.3,0.9,0.8,8.1,6.7,9.2,0,0,9,9.6,0,0
23215720,"Inst-58","Southern White","Female",2020-01-15,2,"Captive","Social",2022-12-02,28.0138361,-82.4699672,"Keeper 40","No",5.3,2,7,7.1,NA,NA,NA,NA,1,5.1,NA,NA,NA,7,1.2,10,NA,NA,8.5,7.1,NA,2
23215720,"Inst-58","Southern White","Female",2020-01-15,2,"Captive","Social",2022-12-04,28.0138361,-82.4699672,"Keeper 169","No",4,7,5,5,0,0.5,3,5,0,2,0,NA,NA,7,7,8,0,0,7,5,0,0
23215720,"Inst-58","Southern White","Female",2020-01-15,2,"Captive","Social",2022-12-09,28.0138361,-82.4699672,"Keeper 23","No",8,9,9,5,0,0,1,8,0,6,0,0,0,7,1,10,0,0,9,10,0,0
23215720,"Inst-58","Southern White","Female",2020-01-15,2,"Captive","Social",2022-12-14,28.0138361,-82.4699672,"Keeper 32","No",7.5,5.1,10,7,0,0.5,2,10,0.5,0.5,3,0,0,10,10,10,0,0,10,10,0,0
23217481,"Inst-58","Southern White","Female",2003-07-01,19,"Wild","Social",2022-11-25,28.0138361,-82.4699672,"Keeper 46","No",7.8,7.9,7.8,7.8,0,8.2,1.4,8.9,1.9,0,8.2,0,0,7.6,5.6,9.4,0,0,9,9.2,0,0
23217481,"Inst-58","Southern White","Female",2003-07-01,19,"Wild","Social",2022-12-04,28.0138361,-82.4699672,"Keeper 169","No",5,1,5,5,0,7,3,NA,3,1,5,NA,NA,2,1,6,0,0,8,5,0,0
23217481,"Inst-58","Southern White","Female",2003-07-01,19,"Wild","Social",2022-12-09,28.0138361,-82.4699672,"Keeper 23","No",7,8,8,5,0,8,2,8,8,0,8,0,0,8,1,10,0,0,9,10,0,0
23217481,"Inst-58","Southern White","Female",2003-07-01,19,"Wild","Social",2022-12-09,28.0138361,-82.4699672,"Keeper 165","No",6,4,5,2,1.5,8.5,1,9.5,5,2,8,0,0,10,7,3,0.5,0.5,4.5,3,0,1
23217481,"Inst-58","Southern White","Female",2003-07-01,19,"Wild","Social",2022-12-02,28.0138361,-82.4699672,"Keeper 40","No",5.1,3,4,4.7,1.8,8.2,1,4.2,7.1,5.2,8.6,1,3.8,2.1,4.9,6.1,2.5,1,7,5.2,1.6,NA
23217481,"Inst-58","Southern White","Female",2003-07-01,19,"Wild","Social",2022-12-14,28.0138361,-82.4699672,"Keeper 32","No",8,4,7,5,0.1,8,5,8,5.5,5.1,9,7,7,9,6,9,0,0.1,7,9.5,0,0
23217358,"Inst-58","Southern White","Male",2003-07-01,19,"Wild","Social",2022-11-25,28.0138361,-82.4699672,"Keeper 46","No",4,8.2,4,3.9,0,5,9,6.8,3.2,1,1.1,1.1,1.1,6.3,6.5,9.2,0,0,9,9,0,0
23217358,"Inst-58","Southern White","Male",2003-07-01,19,"Wild","Social",2022-12-02,28.0138361,-82.4699672,"Keeper 40","No",7,4.1,7,2,1,5,10,8,3,3.7,1,1,1,10,10,8,NA,NA,7,8,NA,NA
23217358,"Inst-58","Southern White","Male",2003-07-01,19,"Wild","Social",2022-12-04,28.0138361,-82.4699672,"Keeper 169","No",4.9,8,3,5,1,2,5,8,0.5,1,1,NA,NA,5,NA,5,0,0,8,5,0,0
23217358,"Inst-58","Southern White","Male",2003-07-01,19,"Wild","Social",2022-12-09,28.0138361,-82.4699672,"Keeper 165","No",7.5,6,3.9,3,2,3.5,7,4,3,1.5,0,0,0,9.5,9.5,9,1,0.5,5,8,NA,1.5
23217358,"Inst-58","Southern White","Male",2003-07-01,19,"Wild","Social",2022-12-14,28.0138361,-82.4699672,"Keeper 32","No",7,5,6.5,4,0,5,8,5,2.5,2.5,0,0,0,8,5,10,0,0,7,10,0,0
23217358,"Inst-58","Southern White","Male",2003-07-01,19,"Wild","Social",2022-12-09,28.0138361,-82.4699672,"Keeper 23","No",8,9,8,5,0,2,5,5,0,8,NA,1,1,8,NA,10,0,0,9,9.6,0,0
24215274,"Inst-51","Eastern Black","Male",2019-12-24,3,"Captive","Individual",2023-01-06,33.6999789,-116.3744166,"Keeper 105","",7,7,8.5,4,1,NA,NA,NA,NA,NA,NA,NA,NA,NA,NA,9,2,0,8,8,0.5,0.5
24215274,"Inst-51","Eastern Black","Male",2019-12-24,3,"Captive","Individual",2023-01-07,33.6999789,-116.3744166,"Keeper 174","",9,10,10,4,1,NA,NA,NA,NA,NA,NA,NA,NA,NA,NA,10,1,NA,10,9,2,1
24215274,"Inst-51","Eastern Black","Male",2019-12-24,3,"Captive","Individual",2023-01-10,33.6999789,-116.3744166,"Keeper 69","",7,8,6.8,6,0,NA,NA,NA,NA,NA,NA,NA,NA,NA,NA,9.3,0.8,0,6,6,1,1
24215274,"Inst-51","Eastern Black","Male",2019-12-24,3,"Captive","Individual",2023-01-11,33.6999789,-116.3744166,"Keeper 116","",8.2,7,10,3,2,NA,NA,NA,NA,NA,NA,NA,NA,NA,NA,9.1,1,0,8,8.2,1.6,0.5
24215274,"Inst-51","Eastern Black","Male",2019-12-24,3,"Captive","Individual",2023-01-11,33.6999789,-116.3744166,"Keeper 144","",6.1,8.5,8.5,4.1,0.9,NA,NA,NA,NA,NA,NA,NA,NA,NA,NA,8.8,0.4,0.3,9.7,8,0.4,1.1
22939850,"Inst-51","Eastern Black","Female",2018-08-20,4,"Captive","Individual",2023-01-06,33.6999789,-116.3744166,"Keeper 105","",7.4,4,7,4,0,NA,NA,NA,NA,NA,NA,NA,NA,NA,NA,8.6,2,1,8,6,2,2
22939850,"Inst-51","Eastern Black","Female",2018-08-20,4,"Captive","Individual",2023-01-07,33.6999789,-116.3744166,"Keeper 174","",8,7,9,4,1,NA,NA,NA,NA,NA,NA,NA,NA,NA,NA,10,2,0.5,9.5,9,2,2
22939850,"Inst-51","Eastern Black","Female",2018-08-20,4,"Captive","Individual",2023-01-10,33.6999789,-116.3744166,"Keeper 69","",6,5,3,5,0,NA,NA,NA,NA,NA,NA,NA,NA,NA,NA,7,3,2,6,6,2,2.5
22939850,"Inst-51","Eastern Black","Female",2018-08-20,4,"Captive","Individual",2023-01-11,33.6999789,-116.3744166,"Keeper 116","",7.5,7,6.5,3,2,NA,NA,NA,NA,NA,NA,NA,NA,NA,NA,8,2,0.3,7.5,7.5,2.6,1
22939850,"Inst-51","Eastern Black","Female",2018-08-20,4,"Captive","Individual",2023-01-11,33.6999789,-116.3744166,"Keeper 144","",5,4,6,5,1,NA,NA,NA,NA,NA,NA,NA,NA,NA,NA,8.2,2.5,0.5,9.5,3.2,0.5,2
14662588,"Inst-52","Southern White","Female",2014-01-03,9,"Captive","Social",2023-04-17,39.8294802,-81.7330238999999,"Keeper 55","No",6,8,8.5,5,0.5,7,5,7.5,0.5,1,5,5,7,7,7.5,9,0,0,9.5,9.5,0,0
14662588,"Inst-52","Southern White","Female",2014-01-03,9,"Captive","Social",2023-05-25,39.8294802,-81.7330238999999,"Keeper 51","No",7,4,7,3,1,6,5,8,3,1,4,6,6,6,3.5,10,0,2,7,8,0,4
14662558,"Inst-52","Southern White","Female",2009-10-31,13,"Captive","Social",2023-05-25,39.8294802,-81.7330238999999,"Keeper 51","No",7,3,10,3,1,10,5,10,4,1,4,8,5,8,5,10,0,1,7,9,0,3
14662486,"Inst-52","Southern White","Male",1990-11-09,32,"Wild","Individual",2023-09-22,39.8294802,-81.7330238999999,"Keeper 94","",5,8,9.5,5,1,NA,NA,NA,NA,NA,NA,NA,NA,NA,NA,10,1,0.5,7.5,8,0,0.5
14662579,"Inst-52","Southern White","Female",2013-09-03,9,"Captive","Social",2023-04-17,39.8294802,-81.7330238999999,"Keeper 55","No",6,7.5,9,5,0.5,6.5,5,7,5,4,7.5,2,3,8,7,9.8,0,0,9,9.7,0,0
14662579,"Inst-52","Southern White","Female",2013-09-03,9,"Captive","Social",2023-05-25,39.8294802,-81.7330238999999,"Keeper 51","No",7,6,9,3,1,5,5,10,1,1,2,5,6,10,4,10,0,1,8,10,0,0
14662570,"Inst-52","Southern White","Female",2011-01-08,12,"Captive","Social",2023-04-17,39.8294802,-81.7330238999999,"Keeper 55","No",6,8,8,5,0.4,2,3,6,1,7,1,2,1.5,6,6,10,0,0,8,10,0,0
14662570,"Inst-52","Southern White","Female",2011-01-08,12,"Captive","Social",2023-05-25,39.8294802,-81.7330238999999,"Keeper 51","No",5,7,6,4,2,1,5,10,1,0,2,5,7,10,7,10,1,2,8,10,0,3
14662582,"Inst-52","Southern White","Female",2013-11-21,9,"Captive","Social",2023-04-17,39.8294802,-81.7330238999999,"Keeper 55","No",5,7,5,6,0,3,3,5,5,6,4,2,3,5,6,8,0.5,0,1,7.5,0,0
14662582,"Inst-52","Southern White","Female",2013-11-21,9,"Captive","Social",2023-05-25,39.8294802,-81.7330238999999,"Keeper 51","No",5,5,4,4,3,2,5,4,5.5,4.5,6,2,2,2.5,1.5,9,1,1,7,7.5,0,3
14662576,"Inst-52","Southern White","Female",2011-10-22,11,"Captive","Social",2023-04-17,39.8294802,-81.7330238999999,"Keeper 55","No",4,8,9,5,1,7,2,9,5,3,5,3,2,5,8,9,0,0,9,9,0,0
14662576,"Inst-52","Southern White","Female",2011-10-22,11,"Captive","Social",2023-05-25,39.8294802,-81.7330238999999,"Keeper 51","No",7,2,10,3,1,10,5,10,4,0,5,9,7,9,6,10,0,0,10,10,0,0
14662537,"Inst-52","Southern White","Female",2004-10-07,18,"Captive","Social",2023-04-17,39.8294802,-81.7330238999999,"Keeper 55","No",5,8,7,5,0.5,9.5,5,9,1.5,0.5,3,4,2,8,7.5,9.8,0,0,9,9.5,0,0
14662537,"Inst-52","Southern White","Female",2004-10-07,18,"Captive","Social",2023-05-25,39.8294802,-81.7330238999999,"Keeper 51","No",6,4.5,7,3.5,1,6,5,6,2,0,4,7,6,3,1,8,1,1,7.5,8,0,3
24428382,"Inst-53","Southern White","Female",2009-11-11,13,"Captive","Social",2023-05-05,43.8206623,-79.1815077,"Keeper 48","No",4.2,8,8.6,8.9,3.4,8.5,2.8,7.9,6.7,2.3,8.6,8.4,8.5,7.4,8.9,5,6.4,0.9,5.5,6.5,4.6,1.8
24428382,"Inst-53","Southern White","Female",2009-11-11,13,"Captive","Social",2023-05-06,43.8206623,-79.1815077,"Keeper 68","No",6.1,7,8,7,6.5,8.2,7.2,8.1,7.9,1.1,8.5,8.5,8.6,8.7,9.2,8,2.2,1,7.4,8,4.9,0.4
24428382,"Inst-53","Southern White","Female",2009-11-11,13,"Captive","Social",2023-09-15,43.8206623,-79.1815077,"Keeper 11","Yes",6,5,7,5,6,8,3,10,5,2,8,8,8,8,8,8,3,0,8,6,3.1,3.1
24428361,"Inst-53","Southern White","Male",2007-01-04,16,"Captive","Social",2023-05-05,43.8206623,-79.1815077,"Keeper 48","Yes",6.5,3.2,4.1,4.1,0.6,1.9,8.3,7.7,0.9,5.1,1,0.5,0.4,5.1,5.6,9.9,0.5,0.1,9.9,6.2,0.5,4.7
24428361,"Inst-53","Southern White","Male",2007-01-04,16,"Captive","Social",2023-05-06,43.8206623,-79.1815077,"Keeper 68","Yes",6,2.2,5.4,4.2,4.1,0.1,10,7,0,6.5,2,2.2,2,10,8,10,1,1,10,9,1,1.1
24428361,"Inst-53","Southern White","Male",2007-01-04,16,"Captive","Social",2023-09-15,43.8206623,-79.1815077,"Keeper 11","",4,2,3,5.6,2.5,NA,NA,NA,NA,NA,NA,NA,NA,NA,NA,10,2.1,4,10,6.4,4.4,4.9
24428367,"Inst-53","Southern White","Female",2010-07-13,12,"Captive","Social",2023-05-05,43.8206623,-79.1815077,"Keeper 48","No",4.4,4.6,5.5,7.7,4.7,3.6,2.3,5.2,2.6,6.6,1.8,3.3,1.7,7.6,0.6,7,3.8,2.3,7.1,4.8,2.1,1.4
24428367,"Inst-53","Southern White","Female",2010-07-13,12,"Captive","Social",2023-05-06,43.8206623,-79.1815077,"Keeper 68","No",6.1,5,5.2,5.5,4,4.1,5.6,8.3,4,8.1,4.7,8.3,6.2,7,7,6.4,3.1,8.5,8.5,8.6,1.5,4.2
24428367,"Inst-53","Southern White","Female",2010-07-13,13,"Captive","Social",2023-09-15,43.8206623,-79.1815077,"Keeper 11","Yes",5,5,7,7,3,5.1,7.2,8.3,5.3,7.6,4.3,6.9,5.2,7.1,3.7,10,2.1,2,10,5.1,2.8,4.3
14662591,"Inst-54","Southern White","Female",2013-12-23,9,"Captive","Social",2023-05-22,36.8767691,-76.2771229,"Keeper 236","No",6.5,3.5,7,4,0,7.5,2,9,7.5,4.5,8.5,1,1,9,5,9,0,1,8.5,1,0,9
14662591,"Inst-54","Southern White","Female",2013-12-23,9,"Captive","Social",2023-05-25,36.8767691,-76.2771229,"Keeper 233","No",7,3,6,5,0,7,5,9,2,3,5,0,0,10,7,9,0,0,10,2,2,4
14662591,"Inst-54","Southern White","Female",2013-12-23,9,"Captive","Social",2023-05-28,36.8767691,-76.2771229,"Keeper 185","No",5,3,5,5,1,4,5,7,2,3,0,0,0,8,3,10,0,0,10,5,0,3
14662591,"Inst-54","Southern White","Female",2013-12-23,9,"Captive","Social",2023-05-30,36.8767691,-76.2771229,"Keeper 107","No",8.7,1,1,4.2,NA,2.6,4.7,7.7,8.3,7.8,3.4,4,NA,8.4,8.2,9.7,NA,NA,9,8.7,8.2,NA
14662591,"Inst-54","Southern White","Female",2013-12-23,9,"Captive","Social",2023-03-13,36.8767691,-76.2771229,"Keeper 80","No",7,1,0.5,3,0,5,1,8,1,3,5,0,NA,10,0,10,0,0,8,7,2,3
24212772,"Inst-54","Southern White","Male",2006-07-01,16,"Wild","Social",2023-03-13,36.8767691,-76.2771229,"Keeper 80","No",4,9,4,6,0,2,10,8,1,9,2,0,0,2,NA,6,0,0,7,7,0,2
24212772,"Inst-54","Southern White","Male",2006-07-01,16,"Wild","Social",2023-05-25,36.8767691,-76.2771229,"Keeper 233","No",4,6,8,5,0,4,10,6,4,4,0,0,0,8,2,9,0,0,8,8,0,0
24212772,"Inst-54","Southern White","Male",2006-07-01,16,"Wild","Social",2023-05-28,36.8767691,-76.2771229,"Keeper 185","No",10,9.5,5,4,0,5,7,8,1,0.5,0,0,0,10,0,10,0,0,9,10,0,0
24212772,"Inst-54","Southern White","Male",2006-07-01,16,"Wild","Social",2023-05-29,36.8767691,-76.2771229,"Keeper 236","No",6.5,8,5.5,4.5,0,4,5.5,8,4.5,6.5,4,1,1,5,2,7,1.5,1.5,7.5,3,0,8.5
24212772,"Inst-54","Southern White","Male",2006-07-01,16,"Wild","Social",2023-05-30,36.8767691,-76.2771229,"Keeper 107","No",6.4,10,10,6.5,NA,1.4,10,9.6,2.7,NA,NA,NA,NA,3.4,2,10,NA,NA,8.1,9.9,NA,NA
14662585,"Inst-54","Southern White","Female",2013-04-27,10,"Captive","Social",2023-05-25,36.8767691,-76.2771229,"Keeper 233","No",9,7,7,2,0,8,5,10,6,0,6,0,0,6,6,10,1,0,9,7,0,0
14662585,"Inst-54","Southern White","Female",2013-04-27,10,"Captive","Social",2023-05-28,36.8767691,-76.2771229,"Keeper 236","No",7,7,6,3.5,0,7,1.5,8.5,6,2,8,1,2,9.5,5,9,0,1.5,8.5,2,0,8
14662585,"Inst-54","Southern White","Female",2013-04-27,10,"Captive","Social",2023-05-28,36.8767691,-76.2771229,"Keeper 185","No",7,4,4,3,1,6,5,9,2,0,1,0,0,9,3,9,0.5,0,8,6,0,3
14662585,"Inst-54","Southern White","Female",2013-04-27,10,"Captive","Social",2023-05-30,36.8767691,-76.2771229,"Keeper 107","No",6.1,5,8,5,NA,9,8.5,7.7,3,NA,6.1,0.8,NA,5.1,7.9,9.4,NA,NA,10,10,NA,NA
14662585,"Inst-54","Southern White","Female",2013-04-27,9,"Captive","Social",2023-03-13,36.8767691,-76.2771229,"Keeper 80","No",6,5,1,4,0,9,2,6,3,0,7,0,0,8,2,10,0,0,10,7,0,2
19030313,"Inst-55","Southern White","Female",2011-01-01,11,"Wild","Social",2022-12-10,30.730868,-81.7008125,"Keeper 97","No",2,3,3,7,NA,4.5,NA,3,4,1.5,5,1,NA,1,NA,5,NA,NA,5,3,1,1
19030313,"Inst-55","Southern White","Female",2011-01-01,11,"Wild","Social",2022-12-15,30.730868,-81.7008125,"Keeper 225","No",6,9,9,3,0,2,2,5,2,0,8,5,2,5,1,5,5,0,7,4,0,0
19030313,"Inst-55","Southern White","Female",2011-01-01,11,"Wild","Social",2022-12-17,30.730868,-81.7008125,"Keeper 245","No",4.3,9,4,8,0.3,4.5,NA,7.9,4.7,2,4.5,NA,NA,6,3.5,7.8,2.4,0.6,9.9,6.1,1.2,1.3
19030313,"Inst-55","Southern White","Female",2011-01-01,11,"Wild","Social",2022-12-18,30.730868,-81.7008125,"Keeper 85","No",4,7,4,5.5,0.5,7.5,1,5,3.3,0.5,6.6,1,NA,4,0.5,6,3.3,0.1,7.5,NA,NA,NA
19030313,"Inst-55","Southern White","Female",2011-01-01,11,"Wild","Social",2022-12-21,30.730868,-81.7008125,"Keeper 42","No",2.1,2.3,2.3,3.8,4,3.1,3,3.6,2.6,3.5,3.1,1,1,4.3,2.6,5,1.6,2.7,4.1,2.2,1.8,5
19030313,"Inst-55","Southern White","Female",2011-01-01,11,"Wild","Social",2022-12-17,30.730868,-81.7008125,"Keeper 167","No",7,4,7,4,0,9,6,10,7,3,9,4,4,10,8,5,5,4,4,5,5,5
14662492,"Inst-55","Southern White","Male",1991-01-01,31,"Wild","Individual",2022-12-13,30.730868,-81.7008125,"Keeper 97","No",2,7,7,8.5,NA,NA,NA,NA,NA,NA,NA,NA,NA,NA,NA,9,1.5,NA,9,9,1,NA
14662492,"Inst-55","Southern White","Male",1991-01-01,31,"Wild","Individual",2022-12-15,30.730868,-81.7008125,"Keeper 225","",10,10,10,3,0,NA,NA,NA,NA,NA,NA,NA,NA,NA,NA,10,0,0,10,10,0,0
14662492,"Inst-55","Southern White","Male",1991-01-01,31,"Wild","Individual",2022-12-17,30.730868,-81.7008125,"Keeper 245","",8.7,8.7,7.5,7.5,0.2,NA,NA,NA,NA,NA,NA,NA,NA,NA,NA,6.5,0,0,5.9,6.5,0,2.1
14662492,"Inst-55","Southern White","Male",1991-01-01,31,"Wild","Individual",2022-12-17,30.730868,-81.7008125,"Keeper 167","",5,8.5,8,6,0,NA,NA,NA,NA,NA,NA,NA,NA,NA,NA,9,1,1,8.5,8.5,2,1
14662492,"Inst-55","Southern White","Male",1991-01-01,31,"Wild","Individual",2022-12-18,30.730868,-81.7008125,"Keeper 85","No",6.5,9.5,4,3.3,0.5,NA,NA,NA,NA,NA,NA,NA,NA,NA,NA,9,0.1,0.1,9.5,9,0.5,0.1
14662492,"Inst-55","Southern White","Male",1991-01-01,31,"Wild","Individual",2022-12-21,30.730868,-81.7008125,"Keeper 42","No",7.7,9,9,4,6.1,NA,NA,NA,NA,NA,NA,NA,NA,NA,NA,10,1,0,9,7.4,0,0
19030316,"Inst-55","Southern White","Female",2011-01-01,11,"Wild","Social",2022-12-10,30.730868,-81.7008125,"Keeper 97","No",6,3,5,5,1.7,5,NA,5,4,1,7,NA,NA,5,4.5,5,5,1,6,2,3.5,3
19030316,"Inst-55","Southern White","Female",2011-01-01,11,"Wild","Social",2022-12-15,30.730868,-81.7008125,"Keeper 225","No",7,10,8,2,0,7,1,2,4,0,8,2,2,5,3,4,3,0,5,0,4,8
19030316,"Inst-55","Southern White","Female",2011-01-01,11,"Wild","Social",2022-12-17,30.730868,-81.7008125,"Keeper 245","No",5,5.8,5,5,0.3,7.5,NA,6,8,1.3,9,NA,NA,3,7,4.8,5.1,4.7,8.1,2.5,2.6,5.1
19030316,"Inst-55","Southern White","Female",2011-01-01,11,"Wild","Social",2022-12-18,30.730868,-81.7008125,"Keeper 85","No",6.5,5,6.6,3.3,0.5,5,2,7.5,6,0.5,7.5,0.5,NA,6.5,4,7,2,0.5,8,NA,NA,NA
19030316,"Inst-55","Southern White","Female",2011-01-01,11,"Wild","Social",2022-12-21,30.730868,-81.7008125,"Keeper 42","No",5.1,4.5,5.5,2.5,5,5.7,3.2,5.8,5.2,1.6,7.2,1.1,1,3.9,4,1.1,3.2,1.3,4.5,1,1,5
14662156,"Inst-55","Southern Black","Female",2010-07-01,12,"Wild","Social",2022-12-15,30.730868,-81.7008125,"Keeper 225","No",8,5,8,5,0,8,8,2,8,0,8,8,5,5,2,9,0,0,9,9,0,5
14662156,"Inst-55","Southern Black","Female",2010-07-01,12,"Wild","Social",2022-12-18,30.730868,-81.7008125,"Keeper 85","No",8,2.6,5,2.5,0.5,5,2,5,8,2,7,NA,NA,6.5,5.8,6.6,1.5,1.5,6.6,NA,NA,NA
14662156,"Inst-55","Southern Black","Female",2010-07-01,12,"Wild","Social",2022-12-21,30.730868,-81.7008125,"Keeper 42","No",5,2,4.5,4,5.1,6.2,6.7,5.8,5,0,7.2,3.7,0,7.1,5,5,1.1,0.5,8.1,0.5,2,4.4
14662156,"Inst-55","Southern Black","Female",2010-07-01,12,"Wild","Individual",2022-12-17,30.730868,-81.7008125,"Keeper 167","",5,6,5,5,0,NA,NA,NA,NA,NA,NA,NA,NA,NA,NA,9,2,3,9,7,1.5,2
14662156,"Inst-55","Southern Black","Female",2010-07-01,12,"Wild","Social",2022-12-13,30.730868,-81.7008125,"Keeper 97","No",5,1,1,5,NA,9,NA,6,5,0.5,6,NA,NA,7,8.5,9,1,0.5,8,6,0.5,4
14662156,"Inst-55","Southern Black","Female",2010-07-01,12,"Wild","Individual",2022-12-17,30.730868,-81.7008125,"Keeper 245","",4.9,4.5,3.9,7.2,0.8,NA,NA,NA,NA,NA,NA,NA,NA,NA,NA,7,4.9,4.5,7.8,2,5,7
19030310,"Inst-55","Southern White","Female",2012-03-23,10,"Wild","Social",2022-12-13,30.730868,-81.7008125,"Keeper 97","No",5,4,4,3.5,NA,9,NA,5,9,1,9,5,NA,7,7,3,7,1,8,3,4,3.5
19030310,"Inst-55","Southern White","Female",2012-03-23,10,"Wild","Social",2022-12-15,30.730868,-81.7008125,"Keeper 225","No",8,10,9,5,0,9,6,5,7,0,9,2,0,2,6,6,3,0,8,9,0,0
19030310,"Inst-55","Southern White","Female",2012-03-23,10,"Wild","Social",2022-12-17,30.730868,-81.7008125,"Keeper 245","No",7,8.5,5.7,5,0.3,9.6,NA,4.9,8.1,0,9,NA,NA,5,8.9,5,4.5,0,5.5,2.7,4,2.1
19030310,"Inst-55","Southern White","Female",2012-03-23,10,"Wild","Social",2022-12-18,30.730868,-81.7008125,"Keeper 85","No",8,3,9,2.5,0.5,5,1.5,8,9,0.5,10,5,NA,7,9,4.5,7,0.5,8.5,NA,NA,NA
19030310,"Inst-55","Southern White","Female",2012-03-23,10,"Wild","Social",2022-12-21,30.730868,-81.7008125,"Keeper 42","No",3.1,2,3.3,3.5,4.8,9,3.1,7.6,8.5,1,10,0.5,1,5,6,2,1,1,5,5,5,5.2
14662153,"Inst-55","Southern Black","Male",2010-07-01,12,"Wild","Social",2022-12-13,30.730868,-81.7008125,"Keeper 97","No",5,0.5,0.5,5,NA,0.5,9,4,1,7,0.5,NA,NA,6,8,7,1,3,3,5,1,5
14662153,"Inst-55","Southern Black","Male",2010-07-01,12,"Wild","Social",2022-12-15,30.730868,-81.7008125,"Keeper 225","Yes",7,1,5,5,1,2,10,5,2,8,2,2,5,2,5,8,1,0,8,5,5,5
14662153,"Inst-55","Southern Black","Male",2010-07-01,12,"Wild","Social",2022-12-17,30.730868,-81.7008125,"Keeper 245","",6.8,0.2,0.2,4.5,5.6,NA,NA,NA,NA,NA,NA,NA,NA,NA,NA,6,4,4.9,6.2,1.4,4.5,6
14662153,"Inst-55","Southern Black","Male",2010-07-01,12,"Wild","Social",2022-12-18,30.730868,-81.7008125,"Keeper 85","No",6.5,2,3.3,2.5,0.5,2,9,7.5,4,6.5,2,NA,NA,2,0.5,5,2.5,2.5,6.6,NA,NA,NA
14662153,"Inst-55","Southern Black","Male",2010-07-01,12,"Wild","Social",2022-12-21,30.730868,-81.7008125,"Keeper 42","No",5.1,0,2.1,2,10,5,10,8.1,5,8,NA,1,0,0,1,8,4,1,8,1,1,5
14662153,"Inst-55","Southern Black","Male",2010-07-01,12,"Wild","Social",2022-12-17,30.730868,-81.7008125,"Keeper 167","",4,2,3,5,0,NA,NA,NA,NA,NA,NA,NA,NA,NA,NA,8,5,2,3,3,3,3
24429882,"Inst-56","Southern White","Male",2011-12-28,11,"Captive","Individual",2023-09-20,33.5503568,-112.4114142,"Keeper 78","",5.1,5.1,6.6,5,0,NA,NA,NA,NA,NA,NA,NA,NA,NA,NA,10,0,0,10,10,0,0
24429951,"Inst-56","Southern White","Female",2016-03-01,7,"Wild","Social",2023-09-20,33.5503568,-112.4114142,"Keeper 78","No",5.1,5.2,10,5,0,4.5,2,10,2.6,0,5,5,5,10,7.1,10,0,0,10,10,0,0
24429936,"Inst-56","Southern White","Male",1989-01-01,34,"Wild","Social",2023-09-20,33.5503568,-112.4114142,"Keeper 78","No",3,10,5,7,0,0,5.2,5,0,2,5,0,2,3.1,3,10,0,0,10,10,0,0
24429933,"Inst-56","Southern White","Female",2016-03-01,7,"Wild","Social",2023-09-17,33.5503568,-112.4114142,"Keeper 78","No",5.2,1,2,5,0,4.8,2,4.9,4.2,1.3,4.9,1,1.1,10,5,10,0,0,10,8.1,0,0
24429933,"Inst-56","Southern White","Female",2016-03-01,7,"Wild","Social",2023-09-23,33.5503568,-112.4114142,"Keeper 36","No",5.6,4.5,5.5,6.9,2.9,4.9,4.5,7,0,0,4.6,0,0,10,4.1,10,0,0,9.1,10,0,0
24429918,"Inst-56","Southern White","Female",2016-03-01,7,"Wild","Social",2023-09-17,33.5503568,-112.4114142,"Keeper 78","No",5,4.3,7.9,5,0,5,2.5,5,5,0,5,4.9,4.9,10,5,10,0,0,10,10,0,0
24429918,"Inst-56","Southern White","Female",2016-03-01,7,"Wild","Social",2023-09-22,33.5503568,-112.4114142,"Keeper 36","No",5,5,10,5,0,5.1,1.9,10,3,3,5,5,5,10,2,10,0,0,10,8.5,0,0
14662528,"Inst-57","Southern White","Male",2003-05-30,19,"Captive","Social",2022-12-29,45.419792,-72.7239829999999,"Keeper 76","No",7,1,3,5,0,0,10,8,0,3,0,0,0,8,0,10,0,0,8,7,0,0
14662528,"Inst-57","Southern White","Male",2003-05-30,19,"Captive","Social",2022-12-29,45.419792,-72.7239829999999,"Keeper 189","No",4,7,1,6,0,0,8,5,1,7,0,0,0,8,4,10,0,0,8,7,0,5
14662528,"Inst-57","Southern White","Male",2003-05-30,19,"Captive","Social",2023-01-01,45.419792,-72.7239829999999,"Keeper 90","No",8,1,5,3.1,0,10,9,9,0,3,NA,NA,NA,9,3,7,0,2,7.1,5,0,5
23577495,"Inst-57","Southern White","Female",1979-10-13,43,"Captive","Social",2022-12-29,45.419792,-72.7239829999999,"Keeper 76","No",3,7,8,7.5,0,7,3,0,7,0,10,5,5,0,9,10,2.5,0,7,4,0,3
23577495,"Inst-57","Southern White","Female",1979-10-13,43,"Captive","Social",2022-12-30,45.419792,-72.7239829999999,"Keeper 189","No",5,5,7,8,0,10,3,1,7,0,8,0,2,2,0,9,1,0,5,7,1,0
23577495,"Inst-57","Southern White","Female",1979-10-13,43,"Captive","Social",2023-01-01,45.419792,-72.7239829999999,"Keeper 90","No",5,10,9,5,0,10,2,NA,7.1,0,NA,NA,NA,5,5.2,10,0,0,9.1,10,0,0
